Country Name;Country Code;Series Name;2005;2010;2015;2018
Afghanistan;AFG;Control of Corruption;-1.443609;-1.635723;-1.341994;-1.496648
Afghanistan;AFG;Government Effectiveness;-1.210829;-1.454683;-1.322968;-1.457285
Afghanistan;AFG;Political Stability and Absence of Violence/Terrorism;-2.070934;-2.579152;-2.571222;-2.74673
Afghanistan;AFG;Regulatory Quality;-1.637369;-1.532861;-0.9973711;-1.132634
Afghanistan;AFG;Rule of Law;-1.658668;-1.845436;-1.50404;-1.668478
Afghanistan;AFG;Voice and Accountability;-1.12543;-1.404468;-1.117563;-0.9947197
Albanie;ALB;Control of Corruption;-0.7861931;-0.5250779;-0.4790328;-0.5218667
Albanie;ALB;Government Effectiveness;-0.6594524;-0.2827555;0.0102911;0.114788
Albanie;ALB;Political Stability and Absence of Violence/Terrorism;-0.5071405;-0.1914829;0.3461291;0.3821
Albanie;ALB;Regulatory Quality;-0.3718735;0.2294774;0.1866678;0.2817102
Albanie;ALB;Rule of Law;-0.7363358;-0.407376;-0.3282292;-0.392243
Albanie;ALB;Voice and Accountability;0.0036718;0.1238216;0.1571487;0.2063695
AlgÃ©rie;DZA;Control of Corruption;-0.482172;-0.5248498;-0.6455669;-0.636465
AlgÃ©rie;DZA;Government Effectiveness;-0.4675675;-0.4795416;-0.5008814;-0.4439246
AlgÃ©rie;DZA;Political Stability and Absence of Violence/Terrorism;-0.9152133;-1.259368;-1.09016;-0.7937849
AlgÃ©rie;DZA;Regulatory Quality;-0.3833986;-1.171034;-1.173605;-1.263752
AlgÃ©rie;DZA;Rule of Law;-0.7508321;-0.7849475;-0.8639446;-0.7753089
AlgÃ©rie;DZA;Voice and Accountability;-0.715686;-1.022338;-0.8490695;-0.9809838
Andorre;AND;Control of Corruption;1.278153;1.308072;1.218502;1.238614
Andorre;AND;Government Effectiveness;1.292862;1.518033;1.787205;1.944976
Andorre;AND;Political Stability and Absence of Violence/Terrorism;1.384696;1.278272;1.391288;1.425432
Andorre;AND;Regulatory Quality;1.360657;1.391692;0.9129404;1.187921
Andorre;AND;Rule of Law;0.9762172;1.204553;1.575988;1.607738
Andorre;AND;Voice and Accountability;1.528182;1.324309;1.194477;1.069589
Angola;AGO;Control of Corruption;-1.296139;-1.32573;-1.394778;-1.144541
Angola;AGO;Government Effectiveness;-1.137153;-1.117896;-1.000103;-1.052086
Angola;AGO;Political Stability and Absence of Violence/Terrorism;-0.8875439;-0.2261823;-0.5008978;-0.3190349
Angola;AGO;Regulatory Quality;-1.257796;-1.035929;-0.9091855;-0.999813
Angola;AGO;Rule of Law;-1.427661;-1.265287;-1.081932;-1.048023
Angola;AGO;Voice and Accountability;-1.234719;-1.120539;-1.177251;-0.9195936
Antigua-et-Barbuda;ATG;Control of Corruption;0.7499956;1.308072;0.6896325;0.2766346
Antigua-et-Barbuda;ATG;Government Effectiveness;0.453247;0.4928478;0.227459;-0.0060096
Antigua-et-Barbuda;ATG;Political Stability and Absence of Violence/Terrorism;0.8303484;0.9049994;1.004725;0.7261432
Antigua-et-Barbuda;ATG;Regulatory Quality;0.587315;0.6446683;0.3740782;0.411548
Antigua-et-Barbuda;ATG;Rule of Law;0.6685986;0.9592275;0.5898856;0.3933258
Antigua-et-Barbuda;ATG;Voice and Accountability;0.5331801;0.495849;0.5949929;0.618535
Argentine;ARG;Control of Corruption;-0.3881924;-0.3614692;-0.5470577;-0.0834675
Argentine;ARG;Government Effectiveness;-0.1242145;-0.16279;-0.0750081;0.0259878
Argentine;ARG;Political Stability and Absence of Violence/Terrorism;-0.0417681;-0.0847979;0.0147854;0.0199319
Argentine;ARG;Regulatory Quality;-0.5483672;-0.7623686;-0.9114419;-0.2430697
Argentine;ARG;Rule of Law;-0.5546548;-0.590509;-0.770812;-0.2400078
Argentine;ARG;Voice and Accountability;0.2692317;0.3616894;0.4117876;0.5653015
ArmÃ©nie;ARM;Control of Corruption;-0.6741413;-0.6963042;-0.5338237;-0.3491127
ArmÃ©nie;ARM;Government Effectiveness;-0.139913;-0.1838435;-0.1608088;-0.0243394
ArmÃ©nie;ARM;Political Stability and Absence of Violence/Terrorism;-0.067535;0.0718553;-0.2523326;-0.4187803
ArmÃ©nie;ARM;Regulatory Quality;0.0834767;0.3094823;0.2418069;0.2692558
ArmÃ©nie;ARM;Rule of Law;-0.4002492;-0.4886399;-0.387853;-0.1500262
ArmÃ©nie;ARM;Voice and Accountability;-0.5913633;-0.847555;-0.5362934;-0.1134583
Australie;AUS;Control of Corruption;1.952358;2.031455;1.882113;1.806201
Australie;AUS;Government Effectiveness;1.751213;1.768756;1.564534;1.596495
Australie;AUS;Political Stability and Absence of Violence/Terrorism;0.8935112;0.8888599;0.8849798;0.9765741
Australie;AUS;Regulatory Quality;1.600643;1.698415;1.788684;1.929283
Australie;AUS;Rule of Law;1.724451;1.764966;1.825212;1.715279
Australie;AUS;Voice and Accountability;1.507056;1.419766;1.355591;1.428148
Autriche;AUT;Control of Corruption;1.92206;1.585462;1.519276;1.596262
Autriche;AUT;Government Effectiveness;1.684595;1.841763;1.479127;1.453342
Autriche;AUT;Political Stability and Absence of Violence/Terrorism;1.105386;1.152648;1.143079;0.9175232
Autriche;AUT;Regulatory Quality;1.606079;1.452815;1.403266;1.544717
Autriche;AUT;Rule of Law;1.859191;1.8003;1.855247;1.875834
Autriche;AUT;Voice and Accountability;1.378657;1.430291;1.383533;1.380672
AzerbaÃ¯djan;AZE;Control of Corruption;-1.04491;-1.243802;-0.9299806;-0.8286031
AzerbaÃ¯djan;AZE;Government Effectiveness;-0.7294372;-0.8069344;-0.2573686;-0.1004674
AzerbaÃ¯djan;AZE;Political Stability and Absence of Violence/Terrorism;-1.127512;-0.2385469;-0.7295656;-0.6967331
AzerbaÃ¯djan;AZE;Regulatory Quality;-0.5777211;-0.3723761;-0.2547193;-0.3807242
AzerbaÃ¯djan;AZE;Rule of Law;-0.7917499;-0.893052;-0.6736943;-0.6002176
AzerbaÃ¯djan;AZE;Voice and Accountability;-1.124164;-1.304588;-1.552387;-1.497994
Bahamas;BHS;Control of Corruption;1.337382;1.354776;1.135789;1.131102
Bahamas;BHS;Government Effectiveness;1.210941;1.075746;0.7127459;0.5391499
Bahamas;BHS;Political Stability and Absence of Violence/Terrorism;0.9386368;0.9936922;0.9074765;0.8721167
Bahamas;BHS;Regulatory Quality;1.106881;0.5507844;0.1661729;0.1511079
Bahamas;BHS;Rule of Law;1.377809;0.7224865;0.5971192;0.0969947
Bahamas;BHS;Voice and Accountability;0.9425191;0.9882097;0.9514745;0.7956346
BahreÃ¯n;BHR;Control of Corruption;0.3900585;0.183213;0.1388495;-0.1472867
BahreÃ¯n;BHR;Government Effectiveness;0.3969875;0.456938;0.5598009;0.1798774
BahreÃ¯n;BHR;Political Stability and Absence of Violence/Terrorism;0.0116022;-0.4934764;-1.07354;-0.8404424
BahreÃ¯n;BHR;Regulatory Quality;0.6620233;0.7138977;0.8196669;0.4460675
BahreÃ¯n;BHR;Rule of Law;0.6062749;0.4355193;0.4250485;0.4127088
BahreÃ¯n;BHR;Voice and Accountability;-0.7431749;-0.9659101;-1.313066;-1.405907
Bangladesh;BGD;Control of Corruption;-1.387597;-1.057121;-0.8083352;-0.9050215
Bangladesh;BGD;Government Effectiveness;-0.9113003;-0.7356325;-0.7236189;-0.7483993
Bangladesh;BGD;Political Stability and Absence of Violence/Terrorism;-1.863764;-1.425789;-1.212018;-1.03248
Bangladesh;BGD;Regulatory Quality;-1.072006;-0.8470868;-0.8990583;-0.8262727
Bangladesh;BGD;Rule of Law;-0.9789066;-0.8029345;-0.75128;-0.6402364
Bangladesh;BGD;Voice and Accountability;-0.5699692;-0.2680953;-0.5120468;-0.7284137
Barbade;BRB;Control of Corruption;1.419329;1.48343;1.490528;1.411373
Barbade;BRB;Government Effectiveness;1.29583;1.411678;1.025177;0.4269727
Barbade;BRB;Political Stability and Absence of Violence/Terrorism;1.115677;1.060637;1.135361;0.9214329
Barbade;BRB;Regulatory Quality;1.155897;0.5074166;0.5658875;0.5401858
Barbade;BRB;Rule of Law;1.345576;1.08103;1.095215;0.3949094
Barbade;BRB;Voice and Accountability;0.9491987;1.136577;1.096536;1.12459
BiÃ©lorussie;BLR;Control of Corruption;-0.7539873;-0.6940987;-0.3350453;-0.1922756
BiÃ©lorussie;BLR;Government Effectiveness;-1.08396;-1.114167;-0.4588384;-0.3010303
BiÃ©lorussie;BLR;Political Stability and Absence of Violence/Terrorism;0.3573089;-0.0949901;0.1100165;0.3535319
BiÃ©lorussie;BLR;Regulatory Quality;-1.454486;-1.131118;-0.9935866;-0.6600578
BiÃ©lorussie;BLR;Rule of Law;-1.22759;-1.069661;-0.8129373;-0.8329659
BiÃ©lorussie;BLR;Voice and Accountability;-1.766817;-1.555038;-1.465078;-1.350769
Belgique;BEL;Control of Corruption;1.385844;1.527498;1.573307;1.510279
Belgique;BEL;Government Effectiveness;1.711561;1.575026;1.438441;1.171748
Belgique;BEL;Political Stability and Absence of Violence/Terrorism;0.7958109;0.8106462;0.5870946;0.412356
Belgique;BEL;Regulatory Quality;1.272992;1.28502;1.287759;1.233861
Belgique;BEL;Rule of Law;1.268298;1.393128;1.463494;1.3679
Belgique;BEL;Voice and Accountability;1.420762;1.360687;1.38744;1.397253
Belize;BLZ;Control of Corruption;-0.298595;-0.1069449;-0.222516;-0.138192
Belize;BLZ;Government Effectiveness;-0.0891359;-0.4300884;-0.6841977;-0.5938884
Belize;BLZ;Political Stability and Absence of Violence/Terrorism;0.1019202;0.0704277;0.0430976;0.0156727
Belize;BLZ;Regulatory Quality;0.0088224;-0.4103881;-0.4634508;-0.6593263
Belize;BLZ;Rule of Law;-0.1627513;-0.339512;-0.7209607;-0.823954
Belize;BLZ;Voice and Accountability;0.6884291;0.6853012;0.5781333;0.4507534
BÃ©nin;BEN;Control of Corruption;-0.8500885;-0.6608168;-0.5508218;-0.3833744
BÃ©nin;BEN;Government Effectiveness;-0.6576268;-0.5946886;-0.6196358;-0.5659866
BÃ©nin;BEN;Political Stability and Absence of Violence/Terrorism;0.4468158;0.2612601;-0.013514;-0.132421
BÃ©nin;BEN;Regulatory Quality;-0.6539117;-0.3335557;-0.5630289;-0.3391147
BÃ©nin;BEN;Rule of Law;-0.5415416;-0.6731734;-0.5360081;-0.6751704
BÃ©nin;BEN;Voice and Accountability;-0.0299641;0.314489;0.2961209;0.2674125
Bhoutan;BTN;Control of Corruption;0.8192554;0.9126349;1.022321;1.646514
Bhoutan;BTN;Government Effectiveness;0.3245951;0.5846536;0.406338;0.3588973
Bhoutan;BTN;Political Stability and Absence of Violence/Terrorism;1.283388;0.7422217;0.974715;1.104605
Bhoutan;BTN;Regulatory Quality;-0.2806116;-1.169393;-0.7134356;-0.3346259
Bhoutan;BTN;Rule of Law;0.3117011;0.1618682;0.5223479;0.5520926
Bhoutan;BTN;Voice and Accountability;-1.072155;-0.4169178;-0.0348183;0.0605407
Bolivie;BOL;Control of Corruption;-0.7362384;-0.4657613;-0.6963719;-0.62591
Bolivie;BOL;Government Effectiveness;-0.6887374;-0.5023107;-0.6519912;-0.3220994
Bolivie;BOL;Political Stability and Absence of Violence/Terrorism;-0.9733916;-0.4154072;-0.2684872;-0.2428411
Bolivie;BOL;Regulatory Quality;-0.6925678;-0.802755;-0.8858231;-0.8945125
Bolivie;BOL;Rule of Law;-0.7563288;-1.023741;-1.141064;-1.14962
Bolivie;BOL;Voice and Accountability;-0.1567104;-0.0392689;-0.0046696;-0.0425873
Bosnie-HerzÃ©govine;BIH;Control of Corruption;-0.2380575;-0.3371409;-0.3939079;-0.5718023
Bosnie-HerzÃ©govine;BIH;Government Effectiveness;-0.7555057;-0.7410704;-0.5452667;-0.6185398
Bosnie-HerzÃ©govine;BIH;Political Stability and Absence of Violence/Terrorism;-0.5014045;-0.6937302;-0.402437;-0.3923242
Bosnie-HerzÃ©govine;BIH;Regulatory Quality;-0.5762483;-0.0880334;-0.1956575;-0.2064383
Bosnie-HerzÃ©govine;BIH;Rule of Law;-0.5184901;-0.3508607;-0.2813664;-0.2332111
Bosnie-HerzÃ©govine;BIH;Voice and Accountability;0.2135848;-0.0824645;-0.0981009;-0.2435907
Botswana;BWA;Control of Corruption;1.159934;1.026902;0.852122;0.7505108
Botswana;BWA;Government Effectiveness;0.6495795;0.4473519;0.5019405;0.3334411
Botswana;BWA;Political Stability and Absence of Violence/Terrorism;1.063448;0.9912098;1.042092;0.9791562
Botswana;BWA;Regulatory Quality;0.6679586;0.4557317;0.4388786;0.454911
Botswana;BWA;Rule of Law;0.639999;0.674656;0.5961598;0.4664786
Botswana;BWA;Voice and Accountability;0.5946077;0.4555333;0.4403414;0.4747402
BrÃ©sil;BRA;Control of Corruption;-0.139791;0.04628;-0.3964888;-0.4196956
BrÃ©sil;BRA;Government Effectiveness;-0.0963305;-0.0353412;-0.18409;-0.4474374
BrÃ©sil;BRA;Political Stability and Absence of Violence/Terrorism;-0.2644876;0.0134759;-0.3314581;-0.3570176
BrÃ©sil;BRA;Regulatory Quality;0.0392087;0.1524443;-0.1926553;-0.3132748
BrÃ©sil;BRA;Rule of Law;-0.4294896;0.0440805;-0.1470753;-0.2776436
BrÃ©sil;BRA;Voice and Accountability;0.4576795;0.5713488;0.4588516;0.3885686
Brunei;BRN;Control of Corruption;0.2461524;0.8631276;0.5724573;0.7953077
Brunei;BRN;Government Effectiveness;0.600312;0.9018937;1.059952;1.252714
Brunei;BRN;Political Stability and Absence of Violence/Terrorism;1.214634;1.277547;1.242662;1.201149
Brunei;BRN;Regulatory Quality;0.9124033;1.110249;0.852387;0.685179
Brunei;BRN;Rule of Law;0.2419076;0.7791997;0.4079765;0.6292501
Brunei;BRN;Voice and Accountability;-0.7766633;-0.6505712;-0.7541476;-0.8432592
Bulgarie;BGR;Control of Corruption;0.057295;-0.1851036;-0.2646455;-0.1515335
Bulgarie;BGR;Government Effectiveness;0.1818574;0.1148352;0.2086831;0.2718757
Bulgarie;BGR;Political Stability and Absence of Violence/Terrorism;0.1465096;0.3600911;0.0173222;0.4196386
Bulgarie;BGR;Regulatory Quality;0.6437926;0.6495608;0.5637681;0.5765803
Bulgarie;BGR;Rule of Law;-0.0955871;-0.0692405;-0.0970044;-0.029567
Bulgarie;BGR;Voice and Accountability;0.5948927;0.5314857;0.4325731;0.3233821
Burkina Faso;BFA;Control of Corruption;-0.1257476;-0.3506111;-0.277338;-0.112395
Burkina Faso;BFA;Government Effectiveness;-0.5787717;-0.5688464;-0.6194581;-0.5783429
Burkina Faso;BFA;Political Stability and Absence of Violence/Terrorism;-0.0648551;-0.1176371;-0.6111074;-1.040907
Burkina Faso;BFA;Regulatory Quality;-0.4010216;-0.156401;-0.3713624;-0.3863249
Burkina Faso;BFA;Rule of Law;-0.5200291;-0.1944903;-0.5233565;-0.4455683
Burkina Faso;BFA;Voice and Accountability;-0.4465201;-0.2529503;-0.1143442;-0.0432251
Burundi;BDI;Control of Corruption;-0.9300242;-1.165457;-1.25752;-1.450633
Burundi;BDI;Government Effectiveness;-1.249581;-1.100945;-1.184265;-1.419982
Burundi;BDI;Political Stability and Absence of Violence/Terrorism;-1.524742;-1.625959;-1.939511;-1.597951
Burundi;BDI;Regulatory Quality;-1.364591;-1.115116;-0.7104732;-0.982583
Burundi;BDI;Rule of Law;-1.153885;-1.195465;-1.167582;-1.496611
Burundi;BDI;Voice and Accountability;-0.6342345;-0.9426936;-1.272207;-1.651565
Cap-Vert;CPV;Control of Corruption;0.5570097;0.8561447;0.9501761;0.7682196
Cap-Vert;CPV;Government Effectiveness;-0.2121785;-0.0159267;0.1674934;0.3192393
Cap-Vert;CPV;Political Stability and Absence of Violence/Terrorism;0.7534954;0.8409728;0.8678104;0.7472337
Cap-Vert;CPV;Regulatory Quality;-0.3215024;-0.0326268;-0.2646035;-0.2411533
Cap-Vert;CPV;Rule of Law;0.4021337;0.4746596;0.5907446;0.4454568
Cap-Vert;CPV;Voice and Accountability;0.4415974;0.8946776;0.9438726;0.9977438
Cambodge;KHM;Control of Corruption;-1.209747;-1.243029;-1.117988;-1.325572
Cambodge;KHM;Government Effectiveness;-0.9993225;-0.9429888;-0.6994551;-0.568605
Cambodge;KHM;Political Stability and Absence of Violence/Terrorism;-0.3961752;-0.5009844;0.0619423;0.108229
Cambodge;KHM;Regulatory Quality;-0.5291467;-0.4753461;-0.5250493;-0.5049168
Cambodge;KHM;Rule of Law;-1.233935;-1.118508;-0.9784721;-1.114671
Cambodge;KHM;Voice and Accountability;-1.017338;-0.9272553;-1.122615;-1.221331
Cameroun;CMR;Control of Corruption;-1.181337;-1.061047;-1.074493;-1.149748
Cameroun;CMR;Government Effectiveness;-0.9095589;-0.8900719;-0.7805845;-0.7996525
Cameroun;CMR;Political Stability and Absence of Violence/Terrorism;-0.183143;-0.7369714;-0.9896075;-1.37598
Cameroun;CMR;Regulatory Quality;-0.9296345;-0.7441876;-0.9170986;-0.7993764
Cameroun;CMR;Rule of Law;-1.207887;-1.07124;-0.975968;-1.079662
Cameroun;CMR;Voice and Accountability;-1.034067;-1.058277;-0.9540802;-1.104003
Canada;CAN;Control of Corruption;1.879261;2.069799;1.886581;1.873514
Canada;CAN;Government Effectiveness;1.887422;1.783194;1.762081;1.716108
Canada;CAN;Political Stability and Absence of Violence/Terrorism;0.8296181;0.9363182;1.274698;0.9911886
Canada;CAN;Regulatory Quality;1.566931;1.695867;1.717661;1.665293
Canada;CAN;Rule of Law;1.661659;1.805715;1.84206;1.770795
Canada;CAN;Voice and Accountability;1.506879;1.352596;1.467126;1.520857
RÃ©publique centrafricaine;CAF;Control of Corruption;-1.278493;-0.9296519;-1.308061;-1.233395
RÃ©publique centrafricaine;CAF;Government Effectiveness;-1.564509;-1.387743;-1.78465;-1.720417
RÃ©publique centrafricaine;CAF;Political Stability and Absence of Violence/Terrorism;-1.430053;-2.020625;-1.904765;-2.281261
RÃ©publique centrafricaine;CAF;Regulatory Quality;-1.340983;-1.159351;-1.439941;-1.367495
RÃ©publique centrafricaine;CAF;Rule of Law;-1.453295;-1.294276;-1.684804;-1.687692
RÃ©publique centrafricaine;CAF;Voice and Accountability;-0.9943755;-1.104218;-1.225526;-1.188597
Tchad;TCD;Control of Corruption;-1.506754;-1.381054;-1.363967;-1.410393
Tchad;TCD;Government Effectiveness;-1.383892;-1.466302;-1.461036;-1.528847
Tchad;TCD;Political Stability and Absence of Violence/Terrorism;-1.443999;-1.524828;-0.9745526;-1.478995
Tchad;TCD;Regulatory Quality;-1.236425;-1.068313;-1.210751;-1.112313
Tchad;TCD;Rule of Law;-1.510952;-1.503324;-1.183278;-1.305276
Tchad;TCD;Voice and Accountability;-1.307716;-1.360329;-1.335183;-1.45447
Chili;CHL;Control of Corruption;1.470515;1.497289;1.27997;1.012118
Chili;CHL;Government Effectiveness;1.23629;1.27253;1.086102;1.084034
Chili;CHL;Political Stability and Absence of Violence/Terrorism;0.8446506;0.6796045;0.4334392;0.4252459
Chili;CHL;Regulatory Quality;1.357459;1.438484;1.345232;1.343512
Chili;CHL;Rule of Law;1.304793;1.33554;1.344083;1.115472
Chili;CHL;Voice and Accountability;1.292521;1.095609;1.004488;1.054925
Chine;CHN;Control of Corruption;-0.6087338;-0.5616429;-0.2821073;-0.2712442
Chine;CHN;Government Effectiveness;-0.1199866;0.0886487;0.4078639;0.4771284
Chine;CHN;Political Stability and Absence of Violence/Terrorism;-0.501789;-0.6570607;-0.5502946;-0.2610621
Chine;CHN;Regulatory Quality;-0.1500192;-0.234011;-0.2894387;-0.1350215
Chine;CHN;Rule of Law;-0.5890847;-0.409916;-0.4097969;-0.2015748
Chine;CHN;Voice and Accountability;-1.500785;-1.680548;-1.660777;-1.449377
Colombie;COL;Control of Corruption;-0.1322573;-0.385391;-0.2981746;-0.3014929
Colombie;COL;Government Effectiveness;-0.1780718;-0.0592384;-0.0361266;-0.0852262
Colombie;COL;Political Stability and Absence of Violence/Terrorism;-2.056107;-1.537185;-1.069147;-0.8133885
Colombie;COL;Regulatory Quality;0.0079865;0.2534749;0.4654272;0.3277881
Colombie;COL;Rule of Law;-0.6232535;-0.3085898;-0.2684166;-0.4078089
Colombie;COL;Voice and Accountability;-0.3225214;-0.1323792;0.0039272;0.1913842
Comores;COM;Control of Corruption;-0.8848742;-0.8069158;-0.7191136;-0.8164125
Comores;COM;Government Effectiveness;-1.601033;-1.743063;-1.522007;-1.639134
Comores;COM;Political Stability and Absence of Violence/Terrorism;-0.435432;-0.5629393;-0.2327915;-0.2032647
Comores;COM;Regulatory Quality;-1.505809;-1.423614;-1.029055;-1.117265
Comores;COM;Rule of Law;-0.9953502;-1.046386;-0.8152064;-1.081078
Comores;COM;Voice and Accountability;-0.630451;-0.4222873;-0.2911712;-0.4373426
RÃ©publique dÃ©mocratique du Congo;COD;Control of Corruption;-1.418278;-1.437921;-1.285265;-1.503398
RÃ©publique dÃ©mocratique du Congo;COD;Government Effectiveness;-1.5719;-1.735644;-1.629201;-1.554787
RÃ©publique dÃ©mocratique du Congo;COD;Political Stability and Absence of Violence/Terrorism;-2.132514;-2.196742;-2.150854;-2.116205
RÃ©publique dÃ©mocratique du Congo;COD;Regulatory Quality;-1.683722;-1.586182;-1.34549;-1.474037
RÃ©publique dÃ©mocratique du Congo;COD;Rule of Law;-1.553693;-1.62074;-1.572547;-1.784221
RÃ©publique dÃ©mocratique du Congo;COD;Voice and Accountability;-1.521638;-1.409103;-1.303908;-1.512408
RÃ©publique du Congo;COG;Control of Corruption;-1.044834;-1.146635;-1.196039;-1.358807
RÃ©publique du Congo;COG;Government Effectiveness;-1.270692;-1.227733;-1.022191;-1.217236
RÃ©publique du Congo;COG;Political Stability and Absence of Violence/Terrorism;-1.166832;-0.3164158;-0.526366;-0.4428181
RÃ©publique du Congo;COG;Regulatory Quality;-1.314487;-1.27373;-1.195739;-1.362082
RÃ©publique du Congo;COG;Rule of Law;-1.472559;-1.219576;-1.078537;-1.101223
RÃ©publique du Congo;COG;Voice and Accountability;-1.07914;-1.062742;-1.016877;-1.181061
ÃŽles Cook;COK;Control of Corruption;0.569079;-0.2494849;..;..
ÃŽles Cook;COK;Government Effectiveness;0.9232338;-1.011447;..;..
ÃŽles Cook;COK;Political Stability and Absence of Violence/Terrorism;..;1.322361;..;..
ÃŽles Cook;COK;Regulatory Quality;0.5601183;-1.236971;..;..
ÃŽles Cook;COK;Rule of Law;1.133692;-0.911697;..;..
ÃŽles Cook;COK;Voice and Accountability;..;-0.3573337;..;..
Costa Rica;CRI;Control of Corruption;0.483341;0.7081604;0.7484275;0.5517608
Costa Rica;CRI;Government Effectiveness;0.1561034;0.3081369;0.3756126;0.3781868
Costa Rica;CRI;Political Stability and Absence of Violence/Terrorism;0.7100678;0.6915372;0.6820255;0.4864345
Costa Rica;CRI;Regulatory Quality;0.5835223;0.4651055;0.5257646;0.479403
Costa Rica;CRI;Rule of Law;0.5587041;0.5236668;0.5047452;0.4787028
Costa Rica;CRI;Voice and Accountability;0.8169585;1.03989;1.151579;1.144658
CÃ´te dâ€™Ivoire;CIV;Control of Corruption;-1.240558;-1.157896;-0.4349297;-0.4990963
CÃ´te dâ€™Ivoire;CIV;Government Effectiveness;-1.323396;-1.285643;-0.6855241;-0.5705186
CÃ´te dâ€™Ivoire;CIV;Political Stability and Absence of Violence/Terrorism;-2.264047;-1.583894;-0.8325459;-0.9311823
CÃ´te dâ€™Ivoire;CIV;Regulatory Quality;-0.8962979;-0.9260469;-0.504151;-0.1907277
CÃ´te dâ€™Ivoire;CIV;Rule of Law;-1.479573;-1.21725;-0.6297165;-0.5795925
CÃ´te dâ€™Ivoire;CIV;Voice and Accountability;-1.294619;-1.048398;-0.4072846;-0.2161922
Croatie;HRV;Control of Corruption;0.1686195;0.0592684;0.2452261;0.1316391
Croatie;HRV;Government Effectiveness;0.4607839;0.6223207;0.5138493;0.4569183
Croatie;HRV;Political Stability and Absence of Violence/Terrorism;0.4330623;0.6084636;0.590728;0.7688776
Croatie;HRV;Regulatory Quality;0.5099912;0.5743341;0.3640225;0.4473468
Croatie;HRV;Rule of Law;0.1285327;0.2019465;0.2003541;0.324786
Croatie;HRV;Voice and Accountability;0.4526123;0.4764283;0.5555071;0.5019643
Cuba;CUB;Control of Corruption;0.2751988;0.3128165;0.0704845;0.1654153
Cuba;CUB;Government Effectiveness;-0.5437028;-0.3614289;0.021765;-0.2448378
Cuba;CUB;Political Stability and Absence of Violence/Terrorism;0.4241648;0.3492924;0.6441017;0.6523342
Cuba;CUB;Regulatory Quality;-1.314237;-1.671379;-1.22355;-1.455965
Cuba;CUB;Rule of Law;-1.080982;-0.718004;-0.7014594;-0.4443496
Cuba;CUB;Voice and Accountability;-1.805158;-1.616888;-1.558119;-1.444819
Chypre;CYP;Control of Corruption;0.9068687;0.9748735;1.007444;0.6399662
Chypre;CYP;Government Effectiveness;1.157761;1.53183;1.04862;0.9209022
Chypre;CYP;Political Stability and Absence of Violence/Terrorism;0.5162975;0.4524448;0.5508665;0.543319
Chypre;CYP;Regulatory Quality;1.221836;1.423306;1.062325;1.017323
Chypre;CYP;Rule of Law;0.8870873;1.216249;1.039911;0.7534632
Chypre;CYP;Voice and Accountability;0.9558727;1.023391;1.031584;1.038081
RÃ©publique tchÃ¨que;CZE;Control of Corruption;0.4873076;0.3316386;0.4337359;0.5037321
RÃ©publique tchÃ¨que;CZE;Government Effectiveness;0.9252368;0.9052177;1.046509;0.9222081
RÃ©publique tchÃ¨que;CZE;Political Stability and Absence of Violence/Terrorism;0.9360713;0.9892337;0.9791891;1.040143
RÃ©publique tchÃ¨que;CZE;Regulatory Quality;1.110906;1.299505;1.098858;1.261501
RÃ©publique tchÃ¨que;CZE;Rule of Law;0.8675278;0.9494792;1.148088;1.04966
RÃ©publique tchÃ¨que;CZE;Voice and Accountability;0.9056726;1.014818;1.042761;0.930312
Danemark;DNK;Control of Corruption;2.288495;2.358993;2.211076;2.147795
Danemark;DNK;Government Effectiveness;2.119752;2.09679;1.847929;1.871631
Danemark;DNK;Political Stability and Absence of Violence/Terrorism;1.074679;1.040961;0.8976498;0.9590668
Danemark;DNK;Regulatory Quality;1.650685;1.876393;1.734574;1.67705
Danemark;DNK;Rule of Law;1.948244;1.897532;2.042371;1.833378
Danemark;DNK;Voice and Accountability;1.739609;1.541957;1.552826;1.611797
Djibouti;DJI;Control of Corruption;-0.7104241;-0.4044653;-0.6576262;-0.7168093
Djibouti;DJI;Government Effectiveness;-0.8036719;-0.9720984;-0.9543255;-0.8990966
Djibouti;DJI;Political Stability and Absence of Violence/Terrorism;-0.8133122;0.2534813;-0.4435316;-0.1341229
Djibouti;DJI;Regulatory Quality;-0.7841079;-0.6264775;-0.6991644;-0.7057354
Djibouti;DJI;Rule of Law;-0.9570376;-0.7291497;-0.9221799;-0.9226128
Djibouti;DJI;Voice and Accountability;-1.109946;-1.265671;-1.412145;-1.352054
Dominique;DOM;Control of Corruption;-0.690176;-0.8436301;-0.8184461;-0.74949
Dominique;DOM;Government Effectiveness;-0.5511778;-0.6435439;-0.3573123;-0.4002573
Dominique;DOM;Political Stability and Absence of Violence/Terrorism;-0.2587449;-0.044954;0.2367064;0.0347933
Dominique;DOM;Regulatory Quality;-0.384817;-0.1522817;-0.037778;-0.0771244
Dominique;DOM;Rule of Law;-0.6704072;-0.8083335;-0.5126879;-0.3962312
Dominique;DOM;Voice and Accountability;-0.0705539;0.0738616;0.1542685;0.1374327
Ã‰quateur;ECU;Control of Corruption;-0.7129551;-0.773099;-0.6712533;-0.5617972
Ã‰quateur;ECU;Government Effectiveness;-0.9469087;-0.7165983;-0.4423296;-0.2613976
Ã‰quateur;ECU;Political Stability and Absence of Violence/Terrorism;-0.7943653;-0.5866745;-0.1439559;-0.0747498
Ã‰quateur;ECU;Regulatory Quality;-0.7875217;-1.17082;-1.157369;-0.8901963
Ã‰quateur;ECU;Rule of Law;-0.7937143;-1.204076;-1.028903;-0.6301615
Ã‰quateur;ECU;Voice and Accountability;-0.3637435;-0.2310853;-0.2117547;0.0264112
Ã‰gypte;EGY;Control of Corruption;-0.6244493;-0.6313661;-0.638062;-0.5869341
Ã‰gypte;EGY;Government Effectiveness;-0.4151942;-0.3705819;-0.7694843;-0.5848041
Ã‰gypte;EGY;Political Stability and Absence of Violence/Terrorism;-0.6301804;-0.8984183;-1.496646;-1.164931
Ã‰gypte;EGY;Regulatory Quality;-0.4241044;-0.1746296;-0.8355927;-0.8670051
Ã‰gypte;EGY;Rule of Law;-0.0241827;-0.1794199;-0.6012825;-0.412311
Ã‰gypte;EGY;Voice and Accountability;-0.9647809;-1.188054;-1.19042;-1.284183
Salvador;SLV;Control of Corruption;-0.4547914;-0.2769412;-0.4236757;-0.5911077
Salvador;SLV;Government Effectiveness;-0.3816304;0.007418;-0.2355875;-0.4471425
Salvador;SLV;Political Stability and Absence of Violence/Terrorism;-0.033107;0.0588422;-0.0169974;-0.3348508
Salvador;SLV;Regulatory Quality;-0.1772072;0.3630272;0.1963225;-0.0387822
Salvador;SLV;Rule of Law;-0.4540862;-0.8126204;-0.5850651;-0.8247701
Salvador;SLV;Voice and Accountability;-0.0750128;0.0715443;0.1523898;0.0418064
GuinÃ©e Ã©quatoriale;GNQ;Control of Corruption;-1.614473;-1.469079;-1.765891;-1.559684
GuinÃ©e Ã©quatoriale;GNQ;Government Effectiveness;-1.434867;-1.679618;-1.417851;-1.29438
GuinÃ©e Ã©quatoriale;GNQ;Political Stability and Absence of Violence/Terrorism;-0.3927678;0.2361282;-0.2053524;-0.0511222
GuinÃ©e Ã©quatoriale;GNQ;Regulatory Quality;-1.425849;-1.38044;-1.347726;-1.557606
GuinÃ©e Ã©quatoriale;GNQ;Rule of Law;-1.459867;-1.300993;-1.456293;-1.41511
GuinÃ©e Ã©quatoriale;GNQ;Voice and Accountability;-1.6835;-1.860195;-2.000251;-1.864524
Ã‰rythrÃ©e;ERI;Control of Corruption;-0.3567406;-0.5593853;-1.301143;-1.316023
Ã‰rythrÃ©e;ERI;Government Effectiveness;-0.9355375;-1.357186;-1.593261;-1.727732
Ã‰rythrÃ©e;ERI;Political Stability and Absence of Violence/Terrorism;-0.7952663;-0.8755928;-0.8767513;-0.6051562
Ã‰rythrÃ©e;ERI;Regulatory Quality;-1.696157;-2.243315;-2.108709;-2.231222
Ã‰rythrÃ©e;ERI;Rule of Law;-1.041639;-1.34867;-1.487501;-1.58643
Ã‰rythrÃ©e;ERI;Voice and Accountability;-2.184899;-2.198293;-2.106812;-2.176343
Estonie;EST;Control of Corruption;1.032414;0.9951673;1.293648;1.506318
Estonie;EST;Government Effectiveness;0.9649968;1.085701;1.067978;1.191938
Estonie;EST;Political Stability and Absence of Violence/Terrorism;0.6038897;0.661367;0.6209198;0.5999668
Estonie;EST;Regulatory Quality;1.294085;1.390466;1.669039;1.562708
Estonie;EST;Rule of Law;0.9697641;1.159709;1.33191;1.240627
Estonie;EST;Voice and Accountability;0.9921685;1.105652;1.186864;1.21297
Eswatini;SWZ;Control of Corruption;-0.4739575;-0.2314773;-0.3909011;-0.2178724
Eswatini;SWZ;Government Effectiveness;-1.053804;-0.5382388;-0.5623584;-0.6599468
Eswatini;SWZ;Political Stability and Absence of Violence/Terrorism;-0.3955428;-0.0760727;-0.476151;-0.3086324
Eswatini;SWZ;Regulatory Quality;-0.50683;-0.6018894;-0.5110121;-0.6039193
Eswatini;SWZ;Rule of Law;-0.9011785;-0.5287718;-0.3244354;-0.2485004
Eswatini;SWZ;Voice and Accountability;-1.494866;-1.325328;-1.391946;-1.33905
Ã‰thiopie;ETH;Control of Corruption;-0.7700803;-0.6906257;-0.4501761;-0.4861672
Ã‰thiopie;ETH;Government Effectiveness;-0.9171304;-0.4322301;-0.6467084;-0.6074697
Ã‰thiopie;ETH;Political Stability and Absence of Violence/Terrorism;-1.690749;-1.635101;-1.498187;-1.343246
Ã‰thiopie;ETH;Regulatory Quality;-1.133831;-0.8702891;-1.031196;-0.9736451
Ã‰thiopie;ETH;Rule of Law;-0.9361214;-0.8016505;-0.5090271;-0.4282891
Ã‰thiopie;ETH;Voice and Accountability;-1.238757;-1.344843;-1.298357;-1.15887
Fidji;FJI;Control of Corruption;-0.3017229;-0.4590918;0.1699192;0.3809974
Fidji;FJI;Government Effectiveness;-0.0797787;-0.7242388;-0.2912866;0.2595362
Fidji;FJI;Political Stability and Absence of Violence/Terrorism;0.3844155;-0.1908275;0.5803087;0.7425547
Fidji;FJI;Regulatory Quality;-0.3894851;-0.6676897;-0.3621247;-0.2195376
Fidji;FJI;Rule of Law;-0.04661;-0.8484214;-0.4041028;-0.1286585
Fidji;FJI;Voice and Accountability;0.0493086;-1.106356;0.0277805;0.2166662
Finlande;FIN;Control of Corruption;2.325073;2.159788;2.275324;2.21243
Finlande;FIN;Government Effectiveness;2.129372;2.22934;1.813011;1.984208
Finlande;FIN;Political Stability and Absence of Violence/Terrorism;1.595862;1.423607;1.040587;0.9249202
Finlande;FIN;Regulatory Quality;1.662623;1.87564;1.836381;1.786545
Finlande;FIN;Rule of Law;1.963109;1.968725;2.063105;2.046279
Finlande;FIN;Voice and Accountability;1.687097;1.486713;1.543586;1.612387
France;FRA;Control of Corruption;1.366185;1.46638;1.305666;1.316893
France;FRA;Government Effectiveness;1.671527;1.430301;1.436796;1.480526
France;FRA;Political Stability and Absence of Violence/Terrorism;0.4015874;0.6810876;0.1067064;0.1091348
France;FRA;Regulatory Quality;1.246632;1.312381;1.129694;1.173062
France;FRA;Rule of Law;1.418815;1.519731;1.413305;1.440087
France;FRA;Voice and Accountability;1.476771;1.202857;1.206641;1.179415
Gabon;GAB;Control of Corruption;-0.6710629;-0.8671658;-0.7141645;-0.8512049
Gabon;GAB;Government Effectiveness;-0.8147785;-0.7721487;-0.7336026;-0.8122834
Gabon;GAB;Political Stability and Absence of Violence/Terrorism;0.3260088;0.2992792;0.021187;-0.2475997
Gabon;GAB;Regulatory Quality;-0.1478942;-0.5477092;-0.797162;-0.8840587
Gabon;GAB;Rule of Law;-0.4499162;-0.5173583;-0.5499371;-0.7061859
Gabon;GAB;Voice and Accountability;-0.8270018;-0.8651459;-0.8941539;-0.9477494
Gambie;GMB;Control of Corruption;-0.7058645;-0.5945483;-0.7702248;-0.4630391
Gambie;GMB;Government Effectiveness;-0.7155911;-0.6788139;-0.9034832;-0.6234712
Gambie;GMB;Political Stability and Absence of Violence/Terrorism;0.2021239;0.065417;0.0195886;-0.0295531
Gambie;GMB;Regulatory Quality;-0.5525596;-0.3987791;-0.5086934;-0.6317748
Gambie;GMB;Rule of Law;-0.3793815;-0.5554091;-0.7213259;-0.4307549
Gambie;GMB;Voice and Accountability;-1.015846;-1.075465;-1.46007;-0.1971968
GÃ©orgie;GEO;Control of Corruption;-0.2154314;0.007957;0.6796142;0.7079911
GÃ©orgie;GEO;Government Effectiveness;-0.4339972;0.3092597;0.40453;0.6145709
GÃ©orgie;GEO;Political Stability and Absence of Violence/Terrorism;-0.7541655;-0.7183209;-0.4660819;-0.4264878
GÃ©orgie;GEO;Regulatory Quality;-0.6019934;0.5938427;0.9224599;1.122732
GÃ©orgie;GEO;Rule of Law;-0.7093209;-0.2096161;0.2715182;0.3280484
GÃ©orgie;GEO;Voice and Accountability;-0.0903711;-0.160891;0.274588;0.2466903
Allemagne;DEU;Control of Corruption;1.885013;1.77627;1.837888;1.946584
Allemagne;DEU;Government Effectiveness;1.505681;1.571172;1.73683;1.619633
Allemagne;DEU;Political Stability and Absence of Violence/Terrorism;0.8901936;0.7968345;0.6998243;0.6048951
Allemagne;DEU;Regulatory Quality;1.516365;1.573053;1.723078;1.749248
Allemagne;DEU;Rule of Law;1.663715;1.631237;1.794997;1.630446
Allemagne;DEU;Voice and Accountability;1.485834;1.297783;1.421997;1.422362
Ghana;GHA;Control of Corruption;-0.3671385;0.0115234;-0.1888184;-0.1149039
Ghana;GHA;Government Effectiveness;-0.1873818;-0.0378857;-0.2221627;-0.2102704
Ghana;GHA;Political Stability and Absence of Violence/Terrorism;0.1683214;0.0260932;-0.0320993;0.0298971
Ghana;GHA;Regulatory Quality;-0.1254053;0.1159474;-0.0312539;-0.0800039
Ghana;GHA;Rule of Law;-0.1162843;-0.0280696;0.1423959;0.0718521
Ghana;GHA;Voice and Accountability;0.1974853;0.51473;0.4899295;0.5787039
GrÃ¨ce;GRC;Control of Corruption;0.3582354;-0.0577769;-0.0766138;-0.0660259
GrÃ¨ce;GRC;Government Effectiveness;0.715305;0.5560393;0.256061;0.3382609
GrÃ¨ce;GRC;Political Stability and Absence of Violence/Terrorism;0.5069851;-0.1272069;-0.2302524;0.0925857
GrÃ¨ce;GRC;Regulatory Quality;0.9607569;0.6446643;0.409623;0.2950006
GrÃ¨ce;GRC;Rule of Law;0.7945819;0.6305012;0.2671453;0.1529743
GrÃ¨ce;GRC;Voice and Accountability;1.097569;0.8977181;0.6515437;0.8573366
Grenade;GRD;Control of Corruption;0.6628075;0.425115;0.5560133;0.3765373
Grenade;GRD;Government Effectiveness;0.3275459;0.1759729;-0.1962674;-0.2529525
Grenade;GRD;Political Stability and Absence of Violence/Terrorism;0.4126651;0.51838;0.7907085;0.9976301
Grenade;GRD;Regulatory Quality;0.3502735;0.3645605;0.0900918;-0.2930871
Grenade;GRD;Rule of Law;0.319001;0.1084426;0.1446672;0.3104176
Grenade;GRD;Voice and Accountability;0.525194;0.7911725;0.8060584;0.5344329
Guatemala;GTM;Control of Corruption;-0.6665171;-0.5322092;-0.7331991;-0.8228126
Guatemala;GTM;Government Effectiveness;-0.7204829;-0.697995;-0.7110427;-0.6820061
Guatemala;GTM;Political Stability and Absence of Violence/Terrorism;-0.8381712;-0.8529245;-0.6550602;-0.541353
Guatemala;GTM;Regulatory Quality;-0.4467168;-0.152868;-0.2162642;-0.1955709
Guatemala;GTM;Rule of Law;-1.051119;-0.9600777;-0.9472803;-1.050815
Guatemala;GTM;Voice and Accountability;-0.3593794;-0.3033077;-0.3464034;-0.3424338
GuinÃ©e;GIN;Control of Corruption;-1.050257;-1.201466;-0.989652;-1.041717
GuinÃ©e;GIN;Government Effectiveness;-1.047564;-1.108981;-1.14559;-0.9709232
GuinÃ©e;GIN;Political Stability and Absence of Violence/Terrorism;-1.156667;-1.687079;-0.3869883;-0.8766674
GuinÃ©e;GIN;Regulatory Quality;-1.079883;-1.090813;-0.8706912;-0.7780002
GuinÃ©e;GIN;Rule of Law;-1.372001;-1.479179;-1.16077;-1.211506
GuinÃ©e;GIN;Voice and Accountability;-1.172005;-0.9179657;-0.8574675;-0.7536743
GuinÃ©e-Bissau;GNB;Control of Corruption;-1.152722;-1.155414;-1.482593;-1.533724
GuinÃ©e-Bissau;GNB;Government Effectiveness;-1.360628;-1.029506;-1.61309;-1.48785
GuinÃ©e-Bissau;GNB;Political Stability and Absence of Violence/Terrorism;-0.5646369;-0.6909543;-0.5182164;-0.6697532
GuinÃ©e-Bissau;GNB;Regulatory Quality;-1.11762;-1.138213;-1.203109;-1.198666
GuinÃ©e-Bissau;GNB;Rule of Law;-1.250436;-1.331444;-1.283541;-1.234043
GuinÃ©e-Bissau;GNB;Voice and Accountability;-0.4844251;-0.8229927;-0.7496253;-0.6663399
Guyana;GUY;Control of Corruption;-0.5601329;-0.55865;-0.6353234;-0.2266977
Guyana;GUY;Government Effectiveness;-0.5074329;-0.1062271;-0.335485;-0.2694839
Guyana;GUY;Political Stability and Absence of Violence/Terrorism;-0.4555654;-0.4589657;-0.1396508;-0.1750658
Guyana;GUY;Regulatory Quality;-0.4914171;-0.5781122;-0.5150861;-0.5320596
Guyana;GUY;Rule of Law;-0.6667885;-0.4743801;-0.5274675;-0.320109
Guyana;GUY;Voice and Accountability;-0.2288598;0.0661981;0.184078;0.2575835
HaÃ¯ti;HTI;Control of Corruption;-1.373464;-1.187163;-1.237522;-1.265189
HaÃ¯ti;HTI;Government Effectiveness;-1.334532;-1.629203;-2.016291;-1.909054
HaÃ¯ti;HTI;Political Stability and Absence of Violence/Terrorism;-1.809078;-0.9403154;-0.6708382;-0.6268144
HaÃ¯ti;HTI;Regulatory Quality;-1.210616;-1.028822;-1.170394;-1.224258
HaÃ¯ti;HTI;Rule of Law;-1.638938;-1.370327;-1.180637;-1.028031
HaÃ¯ti;HTI;Voice and Accountability;-1.231598;-0.7115129;-0.7986993;-0.7454833
Honduras;HND;Control of Corruption;-0.81171;-0.8920198;-0.5667076;-0.6164857
Honduras;HND;Government Effectiveness;-0.67127;-0.6416873;-0.821569;-0.6206585
Honduras;HND;Political Stability and Absence of Violence/Terrorism;-0.6260932;-0.4969096;-0.4689144;-0.550988
Honduras;HND;Regulatory Quality;-0.6264381;-0.2230574;-0.3959342;-0.4688137
Honduras;HND;Rule of Law;-0.7792091;-0.8780162;-0.9256243;-1.023039
Honduras;HND;Voice and Accountability;-0.3458069;-0.503611;-0.4217525;-0.5083182
Hongrie;HUN;Control of Corruption;0.6543485;0.3656501;0.1486354;0.053347
Hongrie;HUN;Government Effectiveness;0.7717035;0.6666696;0.497252;0.4873109
Hongrie;HUN;Political Stability and Absence of Violence/Terrorism;1.00302;0.6857837;0.7462977;0.7552119
Hongrie;HUN;Regulatory Quality;1.068541;1.016507;0.7662329;0.6022686
Hongrie;HUN;Rule of Law;0.8648534;0.7802678;0.399936;0.555392
Hongrie;HUN;Voice and Accountability;1.175189;0.8942028;0.5599743;0.3183424
Islande;ISL;Control of Corruption;2.311686;1.942624;1.93911;1.843649
Islande;ISL;Government Effectiveness;1.973407;1.585732;1.492079;1.465655
Islande;ISL;Political Stability and Absence of Violence/Terrorism;1.444746;1.022254;1.308164;1.412426
Islande;ISL;Regulatory Quality;1.603446;0.9226791;1.273735;1.417764
Islande;ISL;Rule of Law;1.951466;1.713807;1.66733;1.719734
Islande;ISL;Voice and Accountability;1.568608;1.445753;1.376502;1.412682
Inde;IND;Control of Corruption;-0.3607849;-0.4681174;-0.3520183;-0.186293
Inde;IND;Government Effectiveness;-0.1055001;0.0259907;0.0903423;0.2830485
Inde;IND;Political Stability and Absence of Violence/Terrorism;-1.012698;-1.277984;-0.9484934;-0.9565214
Inde;IND;Regulatory Quality;-0.2887118;-0.3786293;-0.3914646;-0.1836544
Inde;IND;Rule of Law;0.1279031;-0.0373948;-0.0473227;0.0262165
Inde;IND;Voice and Accountability;0.4136857;0.4432724;0.4278702;0.3788327
IndonÃ©sie;IDN;Control of Corruption;-0.8781987;-0.7513602;-0.4583673;-0.2515447
IndonÃ©sie;IDN;Government Effectiveness;-0.4831279;-0.2143052;-0.2406215;0.1798754
IndonÃ©sie;IDN;Political Stability and Absence of Violence/Terrorism;-1.518183;-0.8539162;-0.6150607;-0.5334369
IndonÃ©sie;IDN;Regulatory Quality;-0.6254227;-0.415857;-0.2175578;-0.0712725
IndonÃ©sie;IDN;Rule of Law;-0.8215282;-0.6399979;-0.4220982;-0.3149146
IndonÃ©sie;IDN;Voice and Accountability;-0.1219255;-0.0377742;0.184858;0.1797367
Iran;IRN;Control of Corruption;-0.4827623;-0.9471514;-0.6045842;-0.9588165
Iran;IRN;Government Effectiveness;-0.6156749;-0.478802;-0.2089159;-0.4302173
Iran;IRN;Political Stability and Absence of Violence/Terrorism;-0.7847753;-1.630592;-0.9257017;-1.306763
Iran;IRN;Regulatory Quality;-1.202849;-1.70872;-1.311571;-1.296409
Iran;IRN;Rule of Law;-0.8289269;-1.022496;-0.9234835;-0.6936132
Iran;IRN;Voice and Accountability;-1.282151;-1.606163;-1.513593;-1.317932
Irak;IRQ;Control of Corruption;-1.374017;-1.25881;-1.368879;-1.399408
Irak;IRQ;Government Effectiveness;-1.629893;-1.19709;-1.246434;-1.320548
Irak;IRQ;Political Stability and Absence of Violence/Terrorism;-2.69213;-2.239267;-2.260352;-2.55586
Irak;IRQ;Regulatory Quality;-1.533039;-1.050617;-1.23746;-1.218958
Irak;IRQ;Rule of Law;-1.712717;-1.558279;-1.41777;-1.759291
Irak;IRQ;Voice and Accountability;-1.300999;-0.9918546;-1.127941;-0.987156
Irlande;IRL;Control of Corruption;1.593498;1.688269;1.615371;1.547376
Irlande;IRL;Government Effectiveness;1.735597;1.349588;1.533082;1.420338
Irlande;IRL;Political Stability and Absence of Violence/Terrorism;1.29988;1.020165;0.9084555;1.030591
Irlande;IRL;Regulatory Quality;1.489262;1.620827;1.818874;1.595356
Irlande;IRL;Rule of Law;1.595653;1.768064;1.774898;1.464224
Irlande;IRL;Voice and Accountability;1.623855;1.324432;1.334674;1.31875
IsraÃ«l;ISR;Control of Corruption;0.8307115;0.7551451;0.9430066;0.7865694
IsraÃ«l;ISR;Government Effectiveness;1.04385;1.391521;1.387783;1.208207
IsraÃ«l;ISR;Political Stability and Absence of Violence/Terrorism;-1.247689;-1.341152;-1.094913;-0.9324778
IsraÃ«l;ISR;Regulatory Quality;0.8639424;1.216991;1.272598;1.247308
IsraÃ«l;ISR;Rule of Law;0.8173937;0.9160219;1.162278;0.9939096
IsraÃ«l;ISR;Voice and Accountability;0.6461244;0.5838454;0.7449204;0.6511905
Italie;ITA;Control of Corruption;0.4105245;0.1269229;0.0162641;0.2356188
Italie;ITA;Government Effectiveness;0.5618377;0.4419097;0.4479527;0.4138835
Italie;ITA;Political Stability and Absence of Violence/Terrorism;0.490133;0.4739237;0.3759197;0.3111933
Italie;ITA;Regulatory Quality;0.998329;0.8963356;0.7288107;0.6714953
Italie;ITA;Rule of Law;0.5182708;0.4303287;0.275051;0.2467615
Italie;ITA;Voice and Accountability;1.057029;0.9627974;1.034772;1.045518
JamaÃ¯que;JAM;Control of Corruption;-0.3063535;-0.231325;-0.2316051;-0.1643905
JamaÃ¯que;JAM;Government Effectiveness;-0.1152491;0.2153889;0.2486221;0.4967112
JamaÃ¯que;JAM;Political Stability and Absence of Violence/Terrorism;-0.2979362;-0.4295415;0.0964845;0.4869154
JamaÃ¯que;JAM;Regulatory Quality;0.2004285;0.2788525;0.1059551;0.2784449
JamaÃ¯que;JAM;Rule of Law;-0.4230192;-0.4536849;-0.2273221;-0.2359448
JamaÃ¯que;JAM;Voice and Accountability;0.4180529;0.4628276;0.6087705;0.6169987
Japon;JPN;Control of Corruption;1.218508;1.560462;1.569181;1.424772
Japon;JPN;Government Effectiveness;1.290751;1.527669;1.784521;1.675817
Japon;JPN;Political Stability and Absence of Violence/Terrorism;1.036058;0.8793532;1.065128;1.059693
Japon;JPN;Regulatory Quality;1.260381;1.018737;1.217743;1.329213
Japon;JPN;Rule of Law;1.234982;1.326372;1.518716;1.534107
Japon;JPN;Voice and Accountability;1.006277;1.040693;0.9880549;1.022638
Jordanie;JOR;Control of Corruption;0.2568047;0.0411859;0.2600729;0.1495421
Jordanie;JOR;Government Effectiveness;0.0282044;0.1036845;0.122487;0.112718
Jordanie;JOR;Political Stability and Absence of Violence/Terrorism;-0.1337577;-0.3124925;-0.6057786;-0.3794051
Jordanie;JOR;Regulatory Quality;0.0972653;0.2260692;0.0833356;0.0834205
Jordanie;JOR;Rule of Law;0.3252741;0.1929732;0.4394264;0.2337911
Jordanie;JOR;Voice and Accountability;-0.5142884;-0.7993262;-0.7693849;-0.7017328
Kazakhstan;KAZ;Control of Corruption;-1.014119;-0.9978565;-0.8526416;-0.5017262
Kazakhstan;KAZ;Government Effectiveness;-0.6191217;-0.4361029;-0.0733154;0.0217204
Kazakhstan;KAZ;Political Stability and Absence of Violence/Terrorism;0.188952;0.5229718;-0.0350003;0.0004052
Kazakhstan;KAZ;Regulatory Quality;-0.299068;-0.3300233;-0.0329584;0.1406443
Kazakhstan;KAZ;Rule of Law;-0.8654316;-0.6159054;-0.4393319;-0.4316052
Kazakhstan;KAZ;Voice and Accountability;-1.031668;-1.132222;-1.163788;-1.171871
Kenya;KEN;Control of Corruption;-0.9964005;-0.9100319;-1.013479;-0.8520129
Kenya;KEN;Government Effectiveness;-0.7021186;-0.5571087;-0.3012509;-0.4108523
Kenya;KEN;Political Stability and Absence of Violence/Terrorism;-1.249828;-1.165524;-1.244406;-1.164113
Kenya;KEN;Regulatory Quality;-0.2711389;-0.0816785;-0.3124211;-0.2266058
Kenya;KEN;Rule of Law;-0.8815261;-0.9423593;-0.488159;-0.4110505
Kenya;KEN;Voice and Accountability;-0.244842;-0.2189553;-0.1460019;-0.3606543
Kiribati;KIR;Control of Corruption;0.2033174;-0.0772883;0.2201142;0.3364136
Kiribati;KIR;Government Effectiveness;-0.4735642;-0.8504627;-0.4898249;-0.2764392
Kiribati;KIR;Political Stability and Absence of Violence/Terrorism;1.384696;1.422732;0.8435606;1.033781
Kiribati;KIR;Regulatory Quality;-0.9259279;-1.335582;-0.8764771;-0.7703612
Kiribati;KIR;Rule of Law;0.7217457;0.0550852;-0.1552585;0.4933382
Kiribati;KIR;Voice and Accountability;0.0249492;0.6353967;0.9789279;1.146016
CorÃ©e du Nord;PRK;Control of Corruption;-1.280531;-1.28243;-1.247948;-1.566256
CorÃ©e du Nord;PRK;Government Effectiveness;-1.721864;-1.86628;-1.632616;-1.57276
CorÃ©e du Nord;PRK;Political Stability and Absence of Violence/Terrorism;0.0182723;-0.2965621;-1.153405;-0.3516326
CorÃ©e du Nord;PRK;Regulatory Quality;-2.274059;-2.445396;-2.325878;-2.344563
CorÃ©e du Nord;PRK;Rule of Law;-1.136154;-1.379015;-1.64512;-1.634559
CorÃ©e du Nord;PRK;Voice and Accountability;-2.16315;-2.227479;-2.20196;-2.202045
CorÃ©e du Sud;KOR;Control of Corruption;0.623883;0.4694922;0.373622;0.6041095
CorÃ©e du Sud;KOR;Government Effectiveness;0.9906011;1.204664;1.012394;1.182665
CorÃ©e du Sud;KOR;Political Stability and Absence of Violence/Terrorism;0.4846275;0.3258958;0.1610141;0.5449707
CorÃ©e du Sud;KOR;Regulatory Quality;0.8216798;0.934835;1.113389;1.094949
CorÃ©e du Sud;KOR;Rule of Law;0.9900065;1.00388;0.9323846;1.23655
CorÃ©e du Sud;KOR;Voice and Accountability;0.7455956;0.741087;0.6310143;0.7960598
KoweÃ¯t;KWT;Control of Corruption;0.5074719;0.3022288;-0.2250967;-0.2894283
KoweÃ¯t;KWT;Government Effectiveness;0.1745008;0.1686341;-0.0332199;-0.0878059
KoweÃ¯t;KWT;Political Stability and Absence of Violence/Terrorism;0.2508935;0.4519888;-0.2134203;0.1102895
KoweÃ¯t;KWT;Regulatory Quality;0.4733854;0.1599515;-0.173127;-0.0356316
KoweÃ¯t;KWT;Rule of Law;0.53681;0.5917252;0.001072;0.2107496
KoweÃ¯t;KWT;Voice and Accountability;-0.4835252;-0.5244356;-0.6636638;-0.5891867
Kirghizistan;KGZ;Control of Corruption;-1.253386;-1.17323;-1.149714;-0.9542972
Kirghizistan;KGZ;Government Effectiveness;-0.8784107;-0.6516975;-0.9145042;-0.6115379
Kirghizistan;KGZ;Political Stability and Absence of Violence/Terrorism;-1.175121;-1.039652;-0.8824379;-0.5820286
Kirghizistan;KGZ;Regulatory Quality;-1.00521;-0.2512726;-0.5026596;-0.3499378
Kirghizistan;KGZ;Rule of Law;-1.114423;-1.266857;-0.989244;-0.9076821
Kirghizistan;KGZ;Voice and Accountability;-0.8875507;-0.9343349;-0.4041609;-0.3742365
Laos;LAO;Control of Corruption;-1.302482;-1.193468;-0.9116009;-0.9826739
Laos;LAO;Government Effectiveness;-1.208072;-0.8600214;-0.5105657;-0.672724
Laos;LAO;Political Stability and Absence of Violence/Terrorism;-0.4928907;-0.282063;0.541362;0.415007
Laos;LAO;Regulatory Quality;-1.325425;-1.015746;-0.8064563;-0.7918289
Laos;LAO;Rule of Law;-1.179128;-0.9797743;-0.7987303;-0.8425543
Laos;LAO;Voice and Accountability;-1.655455;-1.676841;-1.753515;-1.739436
Lettonie;LVA;Control of Corruption;0.3796195;0.2283071;0.4681761;0.3285871
Lettonie;LVA;Government Effectiveness;0.5684978;0.70881;1.089444;1.043452
Lettonie;LVA;Political Stability and Absence of Violence/Terrorism;0.8141941;0.527854;0.4437472;0.4215345
Lettonie;LVA;Regulatory Quality;0.9258149;0.9836758;1.0888;1.189894
Lettonie;LVA;Rule of Law;0.6184816;0.7878038;0.7945901;0.9569856
Lettonie;LVA;Voice and Accountability;0.7818131;0.7942439;0.8465344;0.8133246
Liban;LBN;Control of Corruption;-0.5307235;-0.8750964;-0.8837678;-1.108917
Liban;LBN;Government Effectiveness;-0.1877014;-0.2792296;-0.4742917;-0.6402023
Liban;LBN;Political Stability and Absence of Violence/Terrorism;-1.001987;-1.625015;-1.702587;-1.644891
Liban;LBN;Regulatory Quality;-0.164786;0.0541962;-0.2948107;-0.3416829
Liban;LBN;Rule of Law;-0.3313195;-0.7075745;-0.8256541;-0.7644128
Liban;LBN;Voice and Accountability;-0.2810639;-0.3312983;-0.4625494;-0.4990998
Lesotho;LSO;Control of Corruption;0.0216869;0.1685703;0.0625368;-0.1033081
Lesotho;LSO;Government Effectiveness;-0.1359913;-0.3121285;-0.6725309;-0.8609057
Lesotho;LSO;Political Stability and Absence of Violence/Terrorism;-0.0043662;0.4567754;-0.3084288;-0.2183286
Lesotho;LSO;Regulatory Quality;-0.6360288;-0.5963897;-0.3962424;-0.4965023
Lesotho;LSO;Rule of Law;-0.1209045;-0.2773108;-0.1739646;-0.3366604
Lesotho;LSO;Voice and Accountability;-0.2097698;-0.1015297;0.1146922;0.0843929
Liberia;LBR;Control of Corruption;-1.204036;-0.561761;-0.6454387;-0.8509958
Liberia;LBR;Government Effectiveness;-1.413871;-1.277085;-1.357068;-1.340831
Liberia;LBR;Political Stability and Absence of Violence/Terrorism;-1.361709;-0.4685253;-0.8180257;-0.1924032
Liberia;LBR;Regulatory Quality;-1.577216;-1.056976;-0.8650306;-0.9712892
Liberia;LBR;Rule of Law;-1.326512;-0.9611113;-0.8566009;-0.9890524
Liberia;LBR;Voice and Accountability;-0.4179905;-0.2113896;-0.2297595;-0.0432927
Libye;LBY;Control of Corruption;-0.9624601;-1.288268;-1.616931;-1.552711
Libye;LBY;Government Effectiveness;-1.043768;-1.097219;-1.653111;-1.847037
Libye;LBY;Political Stability and Absence of Violence/Terrorism;0.4487674;0.0280884;-2.196628;-2.441388
Libye;LBY;Regulatory Quality;-1.483219;-1.190293;-2.232313;-2.278996
Libye;LBY;Rule of Law;-0.9750819;-0.9934169;-1.629265;-1.78583
Libye;LBY;Voice and Accountability;-1.858394;-1.940416;-1.341634;-1.520825
Liechtenstein;LIE;Control of Corruption;1.278153;1.846567;2.064388;2.00771
Liechtenstein;LIE;Government Effectiveness;1.558452;1.783509;1.689049;1.739037
Liechtenstein;LIE;Political Stability and Absence of Violence/Terrorism;1.384696;1.544087;1.45784;1.484191
Liechtenstein;LIE;Regulatory Quality;1.607823;1.527577;1.389856;1.532828
Liechtenstein;LIE;Rule of Law;0.9762172;1.623811;1.685901;1.678037
Liechtenstein;LIE;Voice and Accountability;1.532292;1.586912;1.38767;1.319968
Lituanie;LTU;Control of Corruption;0.3280523;0.3767319;0.6176547;0.4978957
Lituanie;LTU;Government Effectiveness;0.7792079;0.7432536;1.184934;1.072398
Lituanie;LTU;Political Stability and Absence of Violence/Terrorism;0.7771922;0.7152606;0.759794;0.752799
Lituanie;LTU;Regulatory Quality;1.003807;0.962145;1.277035;1.113281
Lituanie;LTU;Rule of Law;0.6287229;0.7823634;1.008047;0.9573604
Lituanie;LTU;Voice and Accountability;0.9021329;0.9156346;0.97391;0.9233596
Luxembourg;LUX;Control of Corruption;1.656579;2.046461;2.096687;2.087755
Luxembourg;LUX;Government Effectiveness;1.777105;1.721774;1.724078;1.778221
Luxembourg;LUX;Political Stability and Absence of Violence/Terrorism;1.332353;1.461219;1.439398;1.373404
Luxembourg;LUX;Regulatory Quality;1.639679;1.676335;1.658029;1.757206
Luxembourg;LUX;Rule of Law;1.83068;1.851443;1.874649;1.810886
Luxembourg;LUX;Voice and Accountability;1.581918;1.574836;1.54681;1.566906
Madagascar;MDG;Control of Corruption;-0.0732841;-0.4286864;-0.851298;-1.000727
Madagascar;MDG;Government Effectiveness;-0.3535855;-0.9596365;-1.285604;-1.153121
Madagascar;MDG;Political Stability and Absence of Violence/Terrorism;-0.0215053;-0.9783388;-0.4273629;-0.5190363
Madagascar;MDG;Regulatory Quality;-0.2185342;-0.5662374;-0.7651789;-0.7334517
Madagascar;MDG;Rule of Law;-0.3525315;-0.8746328;-0.6872614;-0.8139714
Madagascar;MDG;Voice and Accountability;-0.1237975;-0.8454349;-0.3806107;-0.3094514
Malawi;MWI;Control of Corruption;-0.70995;-0.4871768;-0.7665762;-0.7433892
Malawi;MWI;Government Effectiveness;-0.8116758;-0.4106808;-0.6662121;-0.7286705
Malawi;MWI;Political Stability and Absence of Violence/Terrorism;0.1045019;0.0438958;0.0318961;-0.3250225
Malawi;MWI;Regulatory Quality;-0.4705365;-0.5748214;-0.8180815;-0.6708331
Malawi;MWI;Rule of Law;-0.1050631;-0.1255698;-0.3068863;-0.3802995
Malawi;MWI;Voice and Accountability;-0.5281026;-0.1909863;-0.0040295;-0.058092
Malaisie;MYS;Control of Corruption;0.1950662;0.0892673;0.2350726;0.3139765
Malaisie;MYS;Government Effectiveness;1.092823;1.120518;0.9489561;1.075348
Malaisie;MYS;Political Stability and Absence of Violence/Terrorism;0.56477;0.1433521;0.2589576;0.2373901
Malaisie;MYS;Regulatory Quality;0.6416844;0.5889426;0.7526733;0.682474
Malaisie;MYS;Rule of Law;0.4970897;0.4781646;0.5019241;0.6233374
Malaisie;MYS;Voice and Accountability;-0.1467735;-0.4999781;-0.3914767;-0.083688
Maldives;MDV;Control of Corruption;-0.4407611;-0.5479038;-0.4793896;-0.8930011
Maldives;MDV;Government Effectiveness;0.2022012;-0.207131;-0.3758673;-0.4884941
Maldives;MDV;Political Stability and Absence of Violence/Terrorism;0.8115155;-0.1662439;0.4206715;0.0950901
Maldives;MDV;Regulatory Quality;0.5065991;-0.3632856;-0.4149505;-0.4830082
Maldives;MDV;Rule of Law;0.0409874;-0.337034;-0.5762654;-0.5495973
Maldives;MDV;Voice and Accountability;-0.9798699;-0.0626937;-0.5179126;-0.6604531
Mali;MLI;Control of Corruption;-0.4975321;-0.6779031;-0.6828474;-0.695331
Mali;MLI;Government Effectiveness;-0.7059101;-0.8643363;-0.9310304;-1.004638
Mali;MLI;Political Stability and Absence of Violence/Terrorism;0.1756825;-0.1828992;-1.685664;-2.05126
Mali;MLI;Regulatory Quality;-0.5534297;-0.4931963;-0.577987;-0.5496903
Mali;MLI;Rule of Law;-0.156803;-0.4499227;-0.7351909;-0.7977482
Mali;MLI;Voice and Accountability;0.2479338;0.1581073;-0.1979358;-0.3091827
Malte;MLT;Control of Corruption;0.8240554;0.7900173;0.9003745;0.5799018
Malte;MLT;Government Effectiveness;0.8227611;1.192727;0.8504284;0.968796
Malte;MLT;Political Stability and Absence of Violence/Terrorism;1.380162;1.253456;1.063939;1.294193
Malte;MLT;Regulatory Quality;1.062275;1.430892;1.168855;1.336778
Malte;MLT;Rule of Law;1.426871;1.416975;1.135586;1.053974
Malte;MLT;Voice and Accountability;1.233854;1.167213;1.202808;1.123317
ÃŽles Marshall;MHL;Control of Corruption;-0.4646168;-0.3346615;-0.1151361;-0.0740994
ÃŽles Marshall;MHL;Government Effectiveness;-1.039871;-1.28125;-1.601155;-1.554391
ÃŽles Marshall;MHL;Political Stability and Absence of Violence/Terrorism;1.067156;1.153066;0.9194738;0.8627383
ÃŽles Marshall;MHL;Regulatory Quality;-0.7597152;-0.9824685;-1.121721;-1.138546
ÃŽles Marshall;MHL;Rule of Law;-0.0717687;-0.2602849;-0.2126315;-0.0471537
ÃŽles Marshall;MHL;Voice and Accountability;1.186264;1.112288;1.178826;1.146016
Mauritanie;MRT;Control of Corruption;-0.5602201;-0.7153614;-0.9233136;-0.8072538
Mauritanie;MRT;Government Effectiveness;-0.2922155;-0.9706828;-1.026887;-0.7266325
Mauritanie;MRT;Political Stability and Absence of Violence/Terrorism;-0.230491;-1.07617;-0.6378012;-0.6677783
Mauritanie;MRT;Regulatory Quality;-0.372204;-0.8279694;-0.8694826;-0.8108506
Mauritanie;MRT;Rule of Law;-0.7111109;-0.8895416;-0.8660766;-0.6859449
Mauritanie;MRT;Voice and Accountability;-0.9127617;-0.9092659;-0.8878896;-0.8540774
Ile Maurice;MUS;Control of Corruption;0.3152202;0.5595223;0.2940295;0.2696345
Ile Maurice;MUS;Government Effectiveness;0.6086835;0.8658755;1.056994;0.8760849
Ile Maurice;MUS;Political Stability and Absence of Violence/Terrorism;1.027774;0.6402588;0.9986154;0.872838
Ile Maurice;MUS;Regulatory Quality;0.4771075;0.8890533;1.091458;1.027193
Ile Maurice;MUS;Rule of Law;1.02916;0.8581037;0.8553141;0.7796614
Ile Maurice;MUS;Voice and Accountability;0.8328394;0.7896773;0.8271061;0.7605995
Mexique;MEX;Control of Corruption;-0.2710108;-0.3615492;-0.7659356;-0.8628517
Mexique;MEX;Government Effectiveness;0.0681568;0.1624299;0.2095713;-0.153388
Mexique;MEX;Political Stability and Absence of Violence/Terrorism;-0.4479379;-0.7264634;-0.7986991;-0.572437
Mexique;MEX;Regulatory Quality;0.1944254;0.2527093;0.3577256;0.1509804
Mexique;MEX;Rule of Law;-0.3469595;-0.5508309;-0.447092;-0.6737109
Mexique;MEX;Voice and Accountability;0.1980655;0.1785069;-0.0753589;-0.0059178
MicronÃ©sie;FSM;Control of Corruption;-0.2359343;-0.1497652;0.6804457;0.6930298
MicronÃ©sie;FSM;Government Effectiveness;-0.0956322;-0.8025244;-0.3970087;-0.1488629
MicronÃ©sie;FSM;Political Stability and Absence of Violence/Terrorism;1.132724;1.209317;1.035154;1.340414
MicronÃ©sie;FSM;Regulatory Quality;0.2897122;-0.8759015;-0.9827493;-0.9598854
MicronÃ©sie;FSM;Rule of Law;0.6634981;-0.1015459;-0.2955444;-0.0186115
MicronÃ©sie;FSM;Voice and Accountability;0.949674;1.050894;1.134735;1.146016
Moldavie;MDA;Control of Corruption;-0.6684925;-0.6731094;-0.9112523;-0.7267502
Moldavie;MDA;Government Effectiveness;-0.7495598;-0.6626101;-0.6547017;-0.4665205
Moldavie;MDA;Political Stability and Absence of Violence/Terrorism;-0.4048731;-0.3813407;-0.3274402;-0.3490165
Moldavie;MDA;Regulatory Quality;-0.4585297;-0.103798;-0.0662931;-0.0490203
Moldavie;MDA;Rule of Law;-0.3577877;-0.3631089;-0.3534472;-0.413572
Moldavie;MDA;Voice and Accountability;-0.5478941;-0.0552393;0.028593;-0.1066419
Monaco;MCO;Control of Corruption;..;..;..;..
Monaco;MCO;Government Effectiveness;..;..;..;..
Monaco;MCO;Political Stability and Absence of Violence/Terrorism;1.028071;0.9641737;0.9918019;1.612102
Monaco;MCO;Regulatory Quality;..;..;..;..
Monaco;MCO;Rule of Law;0.7861269;0.8886338;..;..
Monaco;MCO;Voice and Accountability;0.924127;1.024482;1.017158;0.660958
Mongolie;MNG;Control of Corruption;-0.6109759;-0.7351942;-0.4916258;-0.4277897
Mongolie;MNG;Government Effectiveness;-0.3764116;-0.5719746;-0.4187603;-0.2333477
Mongolie;MNG;Political Stability and Absence of Violence/Terrorism;0.8782879;0.5970423;0.7163844;0.7887995
Mongolie;MNG;Regulatory Quality;-0.4919476;-0.2405613;-0.3505109;-0.0298508
Mongolie;MNG;Rule of Law;-0.2187209;-0.3602177;-0.3797925;-0.2664937
Mongolie;MNG;Voice and Accountability;0.0695407;0.0884566;0.2702581;0.2625469
MontÃ©nÃ©gro;MNE;Control of Corruption;-0.3486613;-0.2293579;-0.1318108;0.0227987
MontÃ©nÃ©gro;MNE;Government Effectiveness;0.3544824;0.0901539;0.1556193;0.1311615
MontÃ©nÃ©gro;MNE;Political Stability and Absence of Violence/Terrorism;..;0.584211;0.1407977;0.1080209
MontÃ©nÃ©gro;MNE;Regulatory Quality;-0.1287619;-0.0657089;0.2267932;0.3625335
MontÃ©nÃ©gro;MNE;Rule of Law;-0.1312009;0.0135177;0.0517719;0.0987423
MontÃ©nÃ©gro;MNE;Voice and Accountability;0.134037;0.1897582;0.1440247;0.0801339
Maroc;MAR;Control of Corruption;-0.3078854;-0.2049095;-0.2203408;-0.2164034
Maroc;MAR;Government Effectiveness;-0.2798505;-0.1041628;-0.06205;-0.2092959
Maroc;MAR;Political Stability and Absence of Violence/Terrorism;-0.5559525;-0.3830133;-0.3414874;-0.3318862
Maroc;MAR;Regulatory Quality;-0.4104842;-0.0808093;-0.1707448;-0.2429393
Maroc;MAR;Rule of Law;-0.1649063;-0.1718455;-0.0889452;-0.1384849
Maroc;MAR;Voice and Accountability;-0.6871049;-0.6985896;-0.6283067;-0.6630427
Mozambique;MOZ;Control of Corruption;-0.5324818;-0.4467431;-0.7488589;-0.7813797
Mozambique;MOZ;Government Effectiveness;-0.5244129;-0.5825811;-0.7463036;-0.8742813
Mozambique;MOZ;Political Stability and Absence of Violence/Terrorism;0.1245581;0.3944219;-0.5138951;-0.7836707
Mozambique;MOZ;Regulatory Quality;-0.7077828;-0.3978509;-0.5003937;-0.7263409
Mozambique;MOZ;Rule of Law;-0.6165874;-0.4718506;-0.8487962;-1.043689
Mozambique;MOZ;Voice and Accountability;0.0083353;-0.120655;-0.2700378;-0.4674458
Birmanie;MMR;Control of Corruption;-1.537207;-1.672876;-0.8361852;-0.588294
Birmanie;MMR;Government Effectiveness;-1.526451;-1.6179;-1.238595;-1.068652
Birmanie;MMR;Political Stability and Absence of Violence/Terrorism;-0.9032658;-1.285928;-1.165067;-1.309011
Birmanie;MMR;Regulatory Quality;-2.120716;-2.24437;-1.222467;-0.7531742
Birmanie;MMR;Rule of Law;-1.731732;-1.547706;-1.236539;-1.032579
Birmanie;MMR;Voice and Accountability;-2.166205;-2.067405;-1.218982;-0.8873216
Namibie;NAM;Control of Corruption;0.197509;0.3374954;0.3193384;0.3399599
Namibie;NAM;Government Effectiveness;0.02189;0.0661187;0.2481846;0.106442
Namibie;NAM;Political Stability and Absence of Violence/Terrorism;0.6252772;0.84694;0.7331128;0.6537775
Namibie;NAM;Regulatory Quality;0.1201045;0.085406;-0.0897799;-0.052499
Namibie;NAM;Rule of Law;-0.0663913;0.1546702;0.1903548;0.2449811
Namibie;NAM;Voice and Accountability;0.3317865;0.3498072;0.5793682;0.4862734
Nauru;NRU;Control of Corruption;..;0.0135115;-0.5246901;-0.5539093
Nauru;NRU;Government Effectiveness;..;-0.5599525;-0.5363368;-0.076744
Nauru;NRU;Political Stability and Absence of Violence/Terrorism;1.067156;1.453984;0.5437602;0.5126343
Nauru;NRU;Regulatory Quality;..;-1.045812;-1.223166;-0.0467818
Nauru;NRU;Rule of Law;0.7861269;0.4645373;-1.086186;-0.6908471
Nauru;NRU;Voice and Accountability;1.065369;1.066605;0.5468489;0.660958
NÃ©pal;NPL;Control of Corruption;-0.7433895;-0.6924811;-0.5780479;-0.6736505
NÃ©pal;NPL;Government Effectiveness;-0.8523244;-0.8735455;-1.053647;-0.9023383
NÃ©pal;NPL;Political Stability and Absence of Violence/Terrorism;-2.099816;-1.583971;-0.9983346;-0.6251459
NÃ©pal;NPL;Regulatory Quality;-0.5256447;-0.7441027;-0.7995815;-0.7456533
NÃ©pal;NPL;Rule of Law;-0.8157676;-0.9518621;-0.6768322;-0.4780528
NÃ©pal;NPL;Voice and Accountability;-1.146816;-0.4474926;-0.4154408;-0.1319581
Pays-Bas;NLD;Control of Corruption;1.970572;2.143759;1.884297;2.009026
Pays-Bas;NLD;Government Effectiveness;1.942671;1.729366;1.832507;1.850466
Pays-Bas;NLD;Political Stability and Absence of Violence/Terrorism;0.9889213;0.9407501;0.9261193;0.8682934
Pays-Bas;NLD;Regulatory Quality;1.655154;1.731538;1.799031;2.01824
Pays-Bas;NLD;Rule of Law;1.764358;1.819352;1.944192;1.816361
Pays-Bas;NLD;Voice and Accountability;1.66602;1.450569;1.561143;1.596444
Nouvelle-ZÃ©lande;NZL;Control of Corruption;2.201448;2.337902;2.275631;2.174696
Nouvelle-ZÃ©lande;NZL;Government Effectiveness;1.746396;1.816698;1.884376;1.670251
Nouvelle-ZÃ©lande;NZL;Political Stability and Absence of Violence/Terrorism;1.253895;1.236489;1.525453;1.541482
Nouvelle-ZÃ©lande;NZL;Regulatory Quality;1.632703;1.814871;1.920748;1.978822
Nouvelle-ZÃ©lande;NZL;Rule of Law;1.858338;1.86925;2.001393;1.876294
Nouvelle-ZÃ©lande;NZL;Voice and Accountability;1.628602;1.507506;1.554845;1.623501
Nicaragua;NIC;Control of Corruption;-0.6086186;-0.7528315;-0.8882873;-1.06336
Nicaragua;NIC;Government Effectiveness;-0.8168674;-0.9621997;-0.8159055;-0.8024699
Nicaragua;NIC;Political Stability and Absence of Violence/Terrorism;-0.3387231;-0.4997092;-0.0866075;-0.8013505
Nicaragua;NIC;Regulatory Quality;-0.4454578;-0.282892;-0.3944113;-0.6863752
Nicaragua;NIC;Rule of Law;-0.6137064;-0.8286513;-0.7361089;-1.039721
Nicaragua;NIC;Voice and Accountability;-0.2489952;-0.4776356;-0.4147552;-1.083065
Niger;NER;Control of Corruption;-0.717895;-0.661096;-0.6542467;-0.5798146
Niger;NER;Government Effectiveness;-0.772457;-0.6592782;-0.6546196;-0.7660425
Niger;NER;Political Stability and Absence of Violence/Terrorism;-0.488365;-1.160745;-1.066546;-1.260566
Niger;NER;Regulatory Quality;-0.4114659;-0.5173832;-0.7289673;-0.6404533
Niger;NER;Rule of Law;-0.7069026;-0.4824711;-0.5707142;-0.5802284
Niger;NER;Voice and Accountability;-0.2835604;-0.6669648;-0.204606;-0.5845156
Nigeria;NGA;Control of Corruption;-1.158724;-1.048915;-1.079387;-1.04489
Nigeria;NGA;Government Effectiveness;-0.8927642;-1.165138;-0.9588076;-1.022591
Nigeria;NGA;Political Stability and Absence of Violence/Terrorism;-1.667195;-2.211123;-1.925443;-2.1927
Nigeria;NGA;Regulatory Quality;-0.7606229;-0.7274519;-0.8505214;-0.8825297
Nigeria;NGA;Rule of Law;-1.353806;-1.157995;-0.9616228;-0.8809231
Nigeria;NGA;Voice and Accountability;-0.8689434;-0.7770869;-0.3732274;-0.4079276
Niue;NIU;Control of Corruption;..;-0.4597846;..;..
Niue;NIU;Government Effectiveness;..;-1.011447;..;..
Niue;NIU;Political Stability and Absence of Violence/Terrorism;..;1.322361;..;..
Niue;NIU;Regulatory Quality;..;-0.9783322;..;..
Niue;NIU;Rule of Law;..;-0.7357752;..;..
Niue;NIU;Voice and Accountability;..;-0.3573337;..;..
MacÃ©doine;MKD;Control of Corruption;-0.4488492;-0.0809108;-0.2560806;-0.3648161
MacÃ©doine;MKD;Government Effectiveness;-0.3286524;-0.0899654;0.1183688;0.0902431
MacÃ©doine;MKD;Political Stability and Absence of Violence/Terrorism;-1.158372;-0.5185171;-0.2870161;-0.1966761
MacÃ©doine;MKD;Regulatory Quality;-0.234497;0.3209654;0.4317179;0.5249679
MacÃ©doine;MKD;Rule of Law;-0.317825;-0.2643115;-0.1888124;-0.2837728
MacÃ©doine;MKD;Voice and Accountability;-0.1014686;0.1149856;-0.1819014;-0.0092953
NorvÃ¨ge;NOR;Control of Corruption;2.010046;2.085211;2.242804;2.089907
NorvÃ¨ge;NOR;Government Effectiveness;1.864108;1.878928;1.864499;1.887119
NorvÃ¨ge;NOR;Political Stability and Absence of Violence/Terrorism;1.296116;1.332312;1.161716;1.153804
NorvÃ¨ge;NOR;Regulatory Quality;1.479817;1.514319;1.606871;1.75844
NorvÃ¨ge;NOR;Rule of Law;1.924565;1.897269;2.011147;1.965631
NorvÃ¨ge;NOR;Voice and Accountability;1.640593;1.595088;1.687913;1.732547
Oman;OMN;Control of Corruption;0.3946556;0.3237071;0.2689142;0.2460828
Oman;OMN;Government Effectiveness;0.3262324;0.3778546;0.0814258;0.1865782
Oman;OMN;Political Stability and Absence of Violence/Terrorism;0.9457167;0.5902417;0.7833398;0.6545912
Oman;OMN;Regulatory Quality;0.5504777;0.4445483;0.5745103;0.3100107
Oman;OMN;Rule of Law;0.3148483;0.5427212;0.3768862;0.4648626
Oman;OMN;Voice and Accountability;-0.9196379;-1.044803;-1.061453;-1.026107
Pakistan;PAK;Control of Corruption;-1.053138;-1.087391;-0.8107558;-0.7907338
Pakistan;PAK;Government Effectiveness;-0.4531181;-0.7658589;-0.6675183;-0.6338443
Pakistan;PAK;Political Stability and Absence of Violence/Terrorism;-1.753717;-2.675933;-2.482708;-2.267435
Pakistan;PAK;Regulatory Quality;-0.6401119;-0.5967962;-0.627013;-0.6444417
Pakistan;PAK;Rule of Law;-0.8904083;-0.7387198;-0.7666656;-0.6730217
Pakistan;PAK;Voice and Accountability;-0.9762862;-0.7986631;-0.7220663;-0.8006933
Palaos;PLW;Control of Corruption;..;-0.5000887;-0.5246901;-0.5539093
Palaos;PLW;Government Effectiveness;..;-0.8493041;-0.5363368;-0.0121242
Palaos;PLW;Political Stability and Absence of Violence/Terrorism;1.067156;1.453984;0.9194738;0.8627383
Palaos;PLW;Regulatory Quality;..;-0.8723449;-0.8063775;-0.0116495
Palaos;PLW;Rule of Law;0.7861269;0.7541063;0.2446688;0.3065613
Palaos;PLW;Voice and Accountability;1.194324;1.192971;1.200872;1.146016
Panama;PAN;Control of Corruption;-0.3508974;-0.3207669;-0.3707323;-0.567027
Panama;PAN;Government Effectiveness;0.0693119;0.1372251;0.2921956;-0.019452
Panama;PAN;Political Stability and Absence of Violence/Terrorism;-0.1578785;-0.1160482;0.3860773;0.2771547
Panama;PAN;Regulatory Quality;0.1749342;0.3807888;0.3525367;0.4016129
Panama;PAN;Rule of Law;-0.0887597;-0.0738092;-0.1063532;-0.0592212
Panama;PAN;Voice and Accountability;0.4435384;0.5371985;0.5585108;0.5805006
Papouasie-Nouvelle-GuinÃ©e;PNG;Control of Corruption;-1.131622;-1.043986;-0.9398028;-0.8760095
Papouasie-Nouvelle-GuinÃ©e;PNG;Government Effectiveness;-0.875283;-0.7185556;-0.6065412;-0.6773402
Papouasie-Nouvelle-GuinÃ©e;PNG;Political Stability and Absence of Violence/Terrorism;-0.9263273;-0.8084438;-0.4221483;-0.6669981
Papouasie-Nouvelle-GuinÃ©e;PNG;Regulatory Quality;-0.9864236;-0.5588585;-0.5526034;-0.5433646
Papouasie-Nouvelle-GuinÃ©e;PNG;Rule of Law;-1.003712;-0.9091732;-0.8692891;-0.7658504
Papouasie-Nouvelle-GuinÃ©e;PNG;Voice and Accountability;-0.3069049;-0.0305316;0.0447438;0.043219
Paraguay;PRY;Control of Corruption;-1.321241;-0.7290341;-0.9470149;-0.8474646
Paraguay;PRY;Government Effectiveness;-0.796317;-0.9323817;-0.9483867;-0.5172144
Paraguay;PRY;Political Stability and Absence of Violence/Terrorism;-0.6511112;-0.8348622;0.038498;-0.1192975
Paraguay;PRY;Regulatory Quality;-0.8488888;-0.3556239;-0.270921;-0.1242119
Paraguay;PRY;Rule of Law;-0.9751471;-0.8634188;-0.6915742;-0.5411182
Paraguay;PRY;Voice and Accountability;-0.395821;-0.0789331;-0.0699358;0.0537697
PÃ©rou;PER;Control of Corruption;-0.3299646;-0.2288108;-0.5338408;-0.5401052
PÃ©rou;PER;Government Effectiveness;-0.6127201;-0.1911707;-0.2769882;-0.2454309
PÃ©rou;PER;Political Stability and Absence of Violence/Terrorism;-0.9751603;-0.9999154;-0.3975714;-0.2593005
PÃ©rou;PER;Regulatory Quality;0.031204;0.4503337;0.491347;0.5182164
PÃ©rou;PER;Rule of Law;-0.6836704;-0.5629226;-0.4854593;-0.5170875
PÃ©rou;PER;Voice and Accountability;-0.0138193;0.1111375;0.2273678;0.2345341
Philippines;PHL;Control of Corruption;-0.6162979;-0.7604865;-0.4534707;-0.5448154
Philippines;PHL;Government Effectiveness;-0.040945;0.001555;0.1122431;0.0495094
Philippines;PHL;Political Stability and Absence of Violence/Terrorism;-1.182506;-1.65076;-0.8556625;-1.121844
Philippines;PHL;Regulatory Quality;-0.1802779;-0.2335325;-0.0430832;0.0459113
Philippines;PHL;Rule of Law;-0.3501435;-0.5525826;-0.3429004;-0.4776694
Philippines;PHL;Voice and Accountability;-0.0072551;-0.0391025;0.1470694;0.0379877
Pologne;POL;Control of Corruption;0.2669164;0.4970796;0.6695215;0.6414219
Pologne;POL;Government Effectiveness;0.4783568;0.640949;0.7987829;0.6626508
Pologne;POL;Political Stability and Absence of Violence/Terrorism;0.3616216;1.01733;0.8748524;0.5450124
Pologne;POL;Regulatory Quality;0.8279473;0.9808911;1.000138;0.8819272
Pologne;POL;Rule of Law;0.4808049;0.6835747;0.8020585;0.4278919
Pologne;POL;Voice and Accountability;0.9443723;1.037602;1.039736;0.7238377
Portugal;PRT;Control of Corruption;1.069998;1.090371;0.964725;0.8498304
Portugal;PRT;Government Effectiveness;1.056517;1.010235;1.220341;1.208909
Portugal;PRT;Political Stability and Absence of Violence/Terrorism;1.01761;0.717687;0.9178401;1.140031
Portugal;PRT;Regulatory Quality;1.280887;0.7198218;0.9568518;0.8900307
Portugal;PRT;Rule of Law;1.2349;1.056598;1.146595;1.140912
Portugal;PRT;Voice and Accountability;1.430305;1.107203;1.128678;1.204607
Qatar;QAT;Control of Corruption;0.7125736;1.406557;0.8914764;0.7248945
Qatar;QAT;Government Effectiveness;0.4039587;0.8451837;0.9549182;0.6312364
Qatar;QAT;Political Stability and Absence of Violence/Terrorism;1.027023;1.153856;0.9966304;0.6783724
Qatar;QAT;Regulatory Quality;0.2634854;0.5984103;0.6785886;0.5151712
Qatar;QAT;Rule of Law;0.5857046;0.8519678;0.770516;0.7346737
Qatar;QAT;Voice and Accountability;-0.5138495;-1.012166;-1.14477;-1.195095
Roumanie;ROU;Control of Corruption;-0.2416546;-0.2265265;-0.0176464;-0.1216504
Roumanie;ROU;Government Effectiveness;-0.3068253;-0.2655292;-0.0561306;-0.2534418
Roumanie;ROU;Political Stability and Absence of Violence/Terrorism;0.0845609;0.2736004;0.1891144;0.0593082
Roumanie;ROU;Regulatory Quality;0.2342906;0.6428855;0.5967953;0.4453986
Roumanie;ROU;Rule of Law;-0.1382283;0.0482135;0.1575437;0.3254628
Roumanie;ROU;Voice and Accountability;0.4089088;0.432124;0.4861361;0.4577805
Russie;RUS;Control of Corruption;-0.8232302;-1.090531;-0.9491526;-0.8451133
Russie;RUS;Government Effectiveness;-0.5004948;-0.4688114;-0.2044424;-0.0608858
Russie;RUS;Political Stability and Absence of Violence/Terrorism;-1.268546;-0.9294587;-1.029335;-0.5037209
Russie;RUS;Regulatory Quality;-0.1315329;-0.3532888;-0.5207789;-0.5404854
Russie;RUS;Rule of Law;-0.9273136;-0.7649318;-0.763637;-0.8153201
Russie;RUS;Voice and Accountability;-0.6515036;-0.8889728;-1.087747;-1.058007
Rwanda;RWA;Control of Corruption;-0.6179556;0.3536429;0.6357123;0.5782577
Rwanda;RWA;Government Effectiveness;-0.9069124;-0.0542929;-0.0458434;0.2068089
Rwanda;RWA;Political Stability and Absence of Violence/Terrorism;-1.002252;-0.2720939;0.0132411;0.1159507
Rwanda;RWA;Regulatory Quality;-0.9752049;-0.1971854;0.2429835;0.0841578
Rwanda;RWA;Rule of Law;-0.9166067;-0.3307562;0.050415;0.1181115
Rwanda;RWA;Voice and Accountability;-1.194444;-1.327148;-1.135211;-1.129916
Samoa;WSM;Control of Corruption;0.1817049;0.120351;0.2910067;0.6423859
Samoa;WSM;Government Effectiveness;0.4612368;-0.0390187;0.5085092;0.5907587
Samoa;WSM;Political Stability and Absence of Violence/Terrorism;1.1322;0.7656919;1.183974;1.186755
Samoa;WSM;Regulatory Quality;-0.0595889;-0.2526039;-0.0804414;-0.1145988
Samoa;WSM;Rule of Law;1.058083;0.6665881;0.698477;0.8239359
Samoa;WSM;Voice and Accountability;0.6372013;0.4342228;0.7358328;0.7639147
Saint-Marin;SMR;Control of Corruption;..;..;..;..
Saint-Marin;SMR;Government Effectiveness;..;..;..;..
Saint-Marin;SMR;Political Stability and Absence of Violence/Terrorism;1.067156;1.453984;0.9194738;0.8627383
Saint-Marin;SMR;Regulatory Quality;..;..;..;..
Saint-Marin;SMR;Rule of Law;0.7861269;0.8886338;..;..
Saint-Marin;SMR;Voice and Accountability;1.170145;1.165892;1.189849;1.146016
SÃ£o TomÃ©-et-Principe;STP;Control of Corruption;-0.5369121;-0.2529863;-0.0451635;0.1838712
SÃ£o TomÃ©-et-Principe;STP;Government Effectiveness;-0.6822467;-0.7941526;-0.7509078;-0.6393903
SÃ£o TomÃ©-et-Principe;STP;Political Stability and Absence of Violence/Terrorism;0.5757505;0.1154429;0.1440426;0.5335671
SÃ£o TomÃ©-et-Principe;STP;Regulatory Quality;-0.8662047;-0.844986;-0.7713445;-0.8459124
SÃ£o TomÃ©-et-Principe;STP;Rule of Law;-0.531622;-0.6634644;-0.7560787;-0.6863676
SÃ£o TomÃ©-et-Principe;STP;Voice and Accountability;0.061735;0.1237374;0.2800586;0.1583277
Arabie Saoudite;SAU;Control of Corruption;-0.0974841;0.0405474;0.0521352;0.3596962
Arabie Saoudite;SAU;Government Effectiveness;-0.3747793;-0.0069224;0.1999344;0.3234982
Arabie Saoudite;SAU;Political Stability and Absence of Violence/Terrorism;-0.2436727;-0.226727;-0.626399;-0.5181113
Arabie Saoudite;SAU;Regulatory Quality;0.114249;0.1612306;0.0251311;-0.0458949
Arabie Saoudite;SAU;Rule of Law;-0.014788;0.1550011;0.1178168;0.1417293
Arabie Saoudite;SAU;Voice and Accountability;-1.536319;-1.788064;-1.842696;-1.644232
SÃ©nÃ©gal;SEN;Control of Corruption;-0.050289;-0.6379941;0.0590133;-0.0247014
SÃ©nÃ©gal;SEN;Government Effectiveness;-0.2282515;-0.5799341;-0.4264445;-0.2678156
SÃ©nÃ©gal;SEN;Political Stability and Absence of Violence/Terrorism;-0.2044541;-0.417925;-0.1166648;-0.0886327
SÃ©nÃ©gal;SEN;Regulatory Quality;-0.2386367;-0.2784313;-0.1575582;-0.1076691
SÃ©nÃ©gal;SEN;Rule of Law;0.0100265;-0.39864;-0.1416724;-0.2080795
SÃ©nÃ©gal;SEN;Voice and Accountability;0.0561978;-0.2677378;0.2836294;0.2396943
Serbie;SRB;Control of Corruption;-0.4125223;-0.2947092;-0.2670502;-0.3702148
Serbie;SRB;Government Effectiveness;-0.3310836;-0.0459862;0.1111203;0.1116198
Serbie;SRB;Political Stability and Absence of Violence/Terrorism;-0.7651583;-0.4217417;0.238982;0.0824774
Serbie;SRB;Regulatory Quality;-0.5829304;-0.022394;0.155342;0.0074444
Serbie;SRB;Rule of Law;-0.9067186;-0.373143;-0.117173;-0.1464036
Serbie;SRB;Voice and Accountability;-0.2069546;0.2864665;0.2310588;0.0018319
Seychelles;SYC;Control of Corruption;0.2304281;0.4488375;0.8836091;0.7026863
Seychelles;SYC;Government Effectiveness;0.1449615;0.2027419;0.4228553;0.502284
Seychelles;SYC;Political Stability and Absence of Violence/Terrorism;0.9332359;0.8567662;0.6887798;0.6970197
Seychelles;SYC;Regulatory Quality;-0.0288438;-0.4953183;-0.0918801;-0.1489415
Seychelles;SYC;Rule of Law;0.0253657;0.0312937;0.2010458;0.2000629
Seychelles;SYC;Voice and Accountability;0.1744687;0.1016565;0.0801099;0.2116492
Sierra Leone;SLE;Control of Corruption;-1.066617;-0.7746728;-0.7997045;-0.4921698
Sierra Leone;SLE;Government Effectiveness;-1.341319;-1.21574;-1.2499;-1.142948
Sierra Leone;SLE;Political Stability and Absence of Violence/Terrorism;-0.4792502;-0.2366454;-0.1025168;-0.0298916
Sierra Leone;SLE;Regulatory Quality;-1.088785;-0.7360142;-0.8951481;-0.9059859
Sierra Leone;SLE;Rule of Law;-1.128938;-0.9336411;-0.8536182;-0.7695495
Sierra Leone;SLE;Voice and Accountability;-0.5309957;-0.1578491;-0.2704413;-0.1791686
Singapour;SGP;Control of Corruption;2.16617;2.179523;2.092715;2.174524
Singapour;SGP;Government Effectiveness;1.958422;2.241407;2.236419;2.231474
Singapour;SGP;Political Stability and Absence of Violence/Terrorism;1.156484;1.169415;1.311753;1.510339
Singapour;SGP;Regulatory Quality;1.747712;1.786087;2.260543;2.131565
Singapour;SGP;Rule of Law;1.707485;1.625942;1.813475;1.844891
Singapour;SGP;Voice and Accountability;0.1324387;-0.2089662;-0.1618216;-0.0591089
Slovaquie;SVK;Control of Corruption;0.4919471;0.2946005;0.1778616;0.3629198
Slovaquie;SVK;Government Effectiveness;0.9271799;0.8371224;0.8377234;0.7074615
Slovaquie;SVK;Political Stability and Absence of Violence/Terrorism;0.8953888;1.053317;0.8745452;0.7504383
Slovaquie;SVK;Regulatory Quality;1.161917;1.00123;0.788662;0.8107936
Slovaquie;SVK;Rule of Law;0.5449038;0.571119;0.5038067;0.5290585
Slovaquie;SVK;Voice and Accountability;0.8999568;0.910907;0.9654341;0.878241
SlovÃ©nie;SVN;Control of Corruption;0.9099379;0.9228679;0.7729982;0.8702175
SlovÃ©nie;SVN;Government Effectiveness;0.8928185;1.026441;0.9724185;1.125806
SlovÃ©nie;SVN;Political Stability and Absence of Violence/Terrorism;1.091757;0.8665088;0.9533927;0.9109183
SlovÃ©nie;SVN;Regulatory Quality;0.8854151;0.7612643;0.6263494;0.6948206
SlovÃ©nie;SVN;Rule of Law;0.8933845;1.008394;0.9745702;1.058505
SlovÃ©nie;SVN;Voice and Accountability;1.09229;1.048638;0.9868262;0.9910611
Salomon;SLB;Control of Corruption;0.0421122;-0.3474709;-0.3408384;-0.0049462
Salomon;SLB;Government Effectiveness;-0.6683773;-0.954461;-1.024377;-1.054241
Salomon;SLB;Political Stability and Absence of Violence/Terrorism;-0.0176626;0.3432938;0.6609848;0.3004147
Salomon;SLB;Regulatory Quality;-0.957342;-1.189545;-0.9462257;-0.8411345
Salomon;SLB;Rule of Law;-0.8004045;-0.6518031;-0.4862033;-0.2278951
Salomon;SLB;Voice and Accountability;-0.0981997;0.065894;0.2845246;0.5343427
Somalie;SOM;Control of Corruption;-1.683327;-1.739246;-1.615163;-1.800085
Somalie;SOM;Government Effectiveness;-2.128412;-2.208117;-2.196855;-2.19103
Somalie;SOM;Political Stability and Absence of Violence/Terrorism;-2.709518;-3.130971;-2.380828;-2.219771
Somalie;SOM;Regulatory Quality;-2.146021;-2.388267;-2.15277;-2.314809
Somalie;SOM;Rule of Law;-2.172635;-2.406111;-2.300112;-2.332786
Somalie;SOM;Voice and Accountability;-1.759174;-2.010569;-2.001481;-1.833135
Afrique du Sud;ZAF;Control of Corruption;0.5681056;0.1314679;0.0251445;-0.021569
Afrique du Sud;ZAF;Government Effectiveness;0.642373;0.3921409;0.2918086;0.3403786
Afrique du Sud;ZAF;Political Stability and Absence of Violence/Terrorism;-0.1626052;-0.029427;-0.2129929;-0.2766732
Afrique du Sud;ZAF;Regulatory Quality;0.7031338;0.3634101;0.2793786;0.171912
Afrique du Sud;ZAF;Rule of Law;0.1147512;0.1411756;0.0882275;-0.1024957
Afrique du Sud;ZAF;Voice and Accountability;0.6490104;0.6020697;0.650173;0.6573899
Soudan du Sud;SSD;Control of Corruption;..;-0.8176964;-1.687515;-1.727954
Soudan du Sud;SSD;Government Effectiveness;..;..;-2.163074;-2.449409
Soudan du Sud;SSD;Political Stability and Absence of Violence/Terrorism;..;..;-2.375689;-2.439316
Soudan du Sud;SSD;Regulatory Quality;..;..;-1.683604;-2.064091
Soudan du Sud;SSD;Rule of Law;..;..;-1.855473;-1.958408
Soudan du Sud;SSD;Voice and Accountability;..;..;-1.594529;-1.977599
Espagne;ESP;Control of Corruption;1.336209;1.084354;0.5839002;0.613507
Espagne;ESP;Government Effectiveness;1.50673;0.9947988;1.174035;1.002136
Espagne;ESP;Political Stability and Absence of Violence/Terrorism;0.1952135;-0.3180437;0.2514912;0.2548025
Espagne;ESP;Regulatory Quality;1.305955;1.160325;0.8076367;0.9452896
Espagne;ESP;Rule of Law;1.127902;1.188944;0.901592;0.9689376
Espagne;ESP;Voice and Accountability;1.131404;1.122543;1.044831;1.064253
Sri Lanka;LKA;Control of Corruption;-0.3397865;-0.4213479;-0.3441554;-0.3355435
Sri Lanka;LKA;Government Effectiveness;-0.3130901;-0.1950061;-0.0092562;-0.2353793
Sri Lanka;LKA;Political Stability and Absence of Violence/Terrorism;-1.154864;-0.9429469;0.0903681;-0.1831642
Sri Lanka;LKA;Regulatory Quality;-0.4215692;-0.2178601;-0.0529576;-0.1522742
Sri Lanka;LKA;Rule of Law;0.1526568;-0.1214901;0.0373211;0.0263234
Sri Lanka;LKA;Voice and Accountability;-0.206796;-0.5052291;-0.2961408;0.0087836
Saint-Kitts-et-Nevis;KNA;Control of Corruption;0.9767146;1.006664;0.5045007;0.4525903
Saint-Kitts-et-Nevis;KNA;Government Effectiveness;0.944759;0.7120712;0.1173119;0.5514148
Saint-Kitts-et-Nevis;KNA;Political Stability and Absence of Violence/Terrorism;1.285174;1.036112;0.5823264;0.7104676
Saint-Kitts-et-Nevis;KNA;Regulatory Quality;1.240804;0.4837095;0.3781135;0.5108522
Saint-Kitts-et-Nevis;KNA;Rule of Law;0.7695147;0.6996663;0.4795237;0.5333768
Saint-Kitts-et-Nevis;KNA;Voice and Accountability;1.191075;1.165698;0.8474529;0.8967314
Sainte-Lucie;LCA;Control of Corruption;1.119378;1.201563;0.6177639;0.5362028
Sainte-Lucie;LCA;Government Effectiveness;0.9871983;0.8034889;-0.0792276;0.1956703
Sainte-Lucie;LCA;Political Stability and Absence of Violence/Terrorism;1.002679;0.7902755;0.8536908;1.013306
Sainte-Lucie;LCA;Regulatory Quality;1.240804;0.4842022;0.3061971;0.2870998
Sainte-Lucie;LCA;Rule of Law;0.7695147;0.8456264;0.6728449;0.5592496
Sainte-Lucie;LCA;Voice and Accountability;1.202947;1.202204;1.022667;0.8583953
Saint-Vincent-et-les-Grenadines;VCT;Control of Corruption;0.9767146;1.006664;0.6747008;0.7688255
Saint-Vincent-et-les-Grenadines;VCT;Government Effectiveness;0.944759;0.7120712;0.0298701;0.1956703
Saint-Vincent-et-les-Grenadines;VCT;Political Stability and Absence of Violence/Terrorism;1.149891;0.7902755;1.004725;0.8540489
Saint-Vincent-et-les-Grenadines;VCT;Regulatory Quality;1.220339;0.4536531;0.2660685;0.2558284
Saint-Vincent-et-les-Grenadines;VCT;Rule of Law;0.7695147;0.8773225;0.5928698;0.4326417
Saint-Vincent-et-les-Grenadines;VCT;Voice and Accountability;1.086108;1.13385;0.9687719;0.8780061
Soudan;SDN;Control of Corruption;-1.372326;-1.187256;-1.466466;-1.426933
Soudan;SDN;Government Effectiveness;-1.395975;-1.343785;-1.475872;-1.619857
Soudan;SDN;Political Stability and Absence of Violence/Terrorism;-1.976115;-2.665278;-2.162183;-1.835869
Soudan;SDN;Regulatory Quality;-1.416499;-1.348169;-1.490344;-1.630347
Soudan;SDN;Rule of Law;-1.63202;-1.312802;-1.210997;-1.119796
Soudan;SDN;Voice and Accountability;-1.718842;-1.72559;-1.782848;-1.841044
Suriname;SUR;Control of Corruption;0.2229512;-0.3299012;-0.239112;-0.2114844
Suriname;SUR;Government Effectiveness;-0.0543167;-0.1037182;-0.3458428;-0.6553037
Suriname;SUR;Political Stability and Absence of Violence/Terrorism;0.2303514;0.0824755;0.2566883;0.0773252
Suriname;SUR;Regulatory Quality;-0.5156879;-0.6663967;-0.6074461;-0.6315839
Suriname;SUR;Rule of Law;-0.1282363;-0.052521;-0.1953805;-0.0639684
Suriname;SUR;Voice and Accountability;0.1296161;0.3835026;0.4113952;0.3158507
SuÃ¨de;SWE;Control of Corruption;2.022613;2.274587;2.241128;2.139578
SuÃ¨de;SWE;Government Effectiveness;1.892862;2.004213;1.815902;1.830975
SuÃ¨de;SWE;Political Stability and Absence of Violence/Terrorism;1.301027;1.09417;0.9471064;0.9136876
SuÃ¨de;SWE;Regulatory Quality;1.534101;1.658656;1.815066;1.800021
SuÃ¨de;SWE;Rule of Law;1.809585;1.955097;2.037792;1.895983
SuÃ¨de;SWE;Voice and Accountability;1.584473;1.542726;1.56531;1.611055
Suisse;CHE;Control of Corruption;2.019937;2.072074;2.136473;2.00971
Suisse;CHE;Government Effectiveness;1.851264;1.876344;1.998052;2.039621
Suisse;CHE;Political Stability and Absence of Violence/Terrorism;1.19764;1.258594;1.339359;1.344863
Suisse;CHE;Regulatory Quality;1.551834;1.623263;1.741087;1.780406
Suisse;CHE;Rule of Law;1.913729;1.757034;1.945174;1.931222
Suisse;CHE;Voice and Accountability;1.586438;1.584912;1.558501;1.616422
Syrie;SYR;Control of Corruption;-0.848048;-1.134325;-1.545719;-1.626812
Syrie;SYR;Government Effectiveness;-1.139666;-0.6050934;-1.590413;-1.671169
Syrie;SYR;Political Stability and Absence of Violence/Terrorism;-0.4629574;-0.8057897;-2.974081;-2.739623
Syrie;SYR;Regulatory Quality;-0.9807453;-0.9023036;-1.635518;-1.795827
Syrie;SYR;Rule of Law;-0.5877767;-0.5858772;-1.423044;-2.047868
Syrie;SYR;Voice and Accountability;-1.508199;-1.696672;-1.922481;-1.958449
Tadjikistan;TJK;Control of Corruption;-1.169656;-1.29106;-1.125708;-1.415102
Tadjikistan;TJK;Government Effectiveness;-1.151114;-0.9184335;-0.8482506;-1.097704
Tadjikistan;TJK;Political Stability and Absence of Violence/Terrorism;-1.393728;-1.034538;-0.8826423;-0.7243188
Tadjikistan;TJK;Regulatory Quality;-1.121983;-1.018682;-1.02426;-1.048576
Tadjikistan;TJK;Rule of Law;-1.09135;-1.209457;-1.055542;-1.282616
Tadjikistan;TJK;Voice and Accountability;-1.266098;-1.431079;-1.569086;-1.689398
Tanzanie;TZA;Control of Corruption;-0.5973649;-0.5352294;-0.6878198;-0.4479853
Tanzanie;TZA;Government Effectiveness;-0.4113697;-0.5974768;-0.6019729;-0.7562658
Tanzanie;TZA;Political Stability and Absence of Violence/Terrorism;-0.5829188;0.0144716;-0.4161943;-0.5591016
Tanzanie;TZA;Regulatory Quality;-0.5023046;-0.4232683;-0.3749183;-0.6128686
Tanzanie;TZA;Rule of Law;-0.2792704;-0.4856119;-0.3717657;-0.554994
Tanzanie;TZA;Voice and Accountability;-0.3634433;-0.1308912;-0.2217783;-0.364481
ThaÃ¯lande;THA;Control of Corruption;-0.1905972;-0.3338629;-0.4934002;-0.3988041
ThaÃ¯lande;THA;Government Effectiveness;0.396297;0.1877606;0.35013;0.3499596
ThaÃ¯lande;THA;Political Stability and Absence of Violence/Terrorism;-0.86934;-1.442788;-0.9944293;-0.733099
ThaÃ¯lande;THA;Regulatory Quality;0.4709562;0.1737148;0.2920193;0.1116317
ThaÃ¯lande;THA;Rule of Law;0.0458365;-0.2047026;-0.1477084;0.0232979
ThaÃ¯lande;THA;Voice and Accountability;-0.0982958;-0.495822;-0.969105;-1.005582
Timor oriental;TLS;Control of Corruption;-0.5644838;-0.7594984;-0.5216289;-0.4735851
Timor oriental;TLS;Government Effectiveness;-0.9939452;-1.224438;-1.045532;-0.9826074
Timor oriental;TLS;Political Stability and Absence of Violence/Terrorism;-0.710454;-0.4675145;-0.2718863;0.298182
Timor oriental;TLS;Regulatory Quality;-1.144141;-1.105252;-0.9656562;-0.7858377
Timor oriental;TLS;Rule of Law;-0.5022837;-1.1671;-1.121527;-1.127902
Timor oriental;TLS;Voice and Accountability;-0.2101761;0.0616594;0.1861515;0.3397629
Togo;TGO;Control of Corruption;-0.8747956;-0.9596605;-0.7238495;-0.7275374
Togo;TGO;Government Effectiveness;-1.442014;-1.389187;-1.193058;-1.057791
Togo;TGO;Political Stability and Absence of Violence/Terrorism;-1.446407;-0.1793484;-0.2313481;-0.9817027
Togo;TGO;Regulatory Quality;-0.7914191;-0.8803849;-0.8177804;-0.6506074
Togo;TGO;Rule of Law;-1.079883;-0.9222333;-0.7994739;-0.5908715
Togo;TGO;Voice and Accountability;-1.221733;-0.9520397;-0.7007869;-0.7431359
Tonga;TON;Control of Corruption;-1.329141;-0.3343297;-0.4673948;-0.0708953
Tonga;TON;Government Effectiveness;-0.547692;-0.3172054;-0.3302171;0.1393548
Tonga;TON;Political Stability and Absence of Violence/Terrorism;0.678637;0.6897031;0.8863344;0.8794378
Tonga;TON;Regulatory Quality;-0.5043615;-0.581013;-0.4169923;-0.3512902
Tonga;TON;Rule of Law;0.529748;0.0694312;-0.2008553;0.3874137
Tonga;TON;Voice and Accountability;-0.0545144;0.2928134;0.6616573;0.5628479
TrinitÃ©-et-Tobago;TTO;Control of Corruption;0.0158104;-0.1738511;-0.3007314;-0.317267
TrinitÃ©-et-Tobago;TTO;Government Effectiveness;0.1727507;0.266488;0.2324652;0.1902379
TrinitÃ©-et-Tobago;TTO;Political Stability and Absence of Violence/Terrorism;-0.1198141;-0.0508232;0.2861143;0.2480514
TrinitÃ©-et-Tobago;TTO;Regulatory Quality;0.6064353;0.519767;0.1544614;-0.0206371
TrinitÃ©-et-Tobago;TTO;Rule of Law;-0.0047945;-0.1693626;-0.116;-0.1205074
TrinitÃ©-et-Tobago;TTO;Voice and Accountability;0.6131317;0.5233462;0.4805337;0.5656093
Tunisie;TUN;Control of Corruption;-0.2578937;-0.2587942;-0.0688108;-0.0534863
Tunisie;TUN;Government Effectiveness;0.3818819;0.2184257;-0.1202786;-0.1052618
Tunisie;TUN;Political Stability and Absence of Violence/Terrorism;0.0238121;-0.0639764;-0.9603872;-0.9018921
Tunisie;TUN;Regulatory Quality;-0.0820463;-0.0303108;-0.4053105;-0.4110191
Tunisie;TUN;Rule of Law;-0.0129396;0.06171;-0.0660858;0.0393894
Tunisie;TUN;Voice and Accountability;-0.950093;-1.416165;0.2414112;0.210815
Turquie;TUR;Control of Corruption;-0.0313143;0.0292634;-0.1543817;-0.3353838
Turquie;TUR;Government Effectiveness;0.1542038;0.2949708;0.222985;0.0060968
Turquie;TUR;Political Stability and Absence of Violence/Terrorism;-0.6015393;-0.9152855;-1.493914;-1.328783
Turquie;TUR;Regulatory Quality;0.2773776;0.2986633;0.2708806;-0.0474772
Turquie;TUR;Rule of Law;0.1597313;0.1106539;-0.1130232;-0.3192984
Turquie;TUR;Voice and Accountability;0.0002338;-0.0848207;-0.36772;-0.8329394
TurkmÃ©nistan;TKM;Control of Corruption;-1.464484;-1.531711;-1.346634;-1.357742
TurkmÃ©nistan;TKM;Government Effectiveness;-1.607924;-1.56353;-0.8504757;-1.044102
TurkmÃ©nistan;TKM;Political Stability and Absence of Violence/Terrorism;0.0711987;0.3341056;-0.0877989;-0.0068957
TurkmÃ©nistan;TKM;Regulatory Quality;-1.84537;-2.036858;-2.073841;-1.998719
TurkmÃ©nistan;TKM;Rule of Law;-1.614356;-1.487263;-1.417836;-1.452363
TurkmÃ©nistan;TKM;Voice and Accountability;-2.001131;-2.040295;-2.237535;-2.143717
Tuvalu;TUV;Control of Corruption;-0.1148843;-0.2564616;-0.032997;0.0285799
Tuvalu;TUV;Government Effectiveness;0.0230278;-0.4873216;-0.9635205;-0.6936518
Tuvalu;TUV;Political Stability and Absence of Violence/Terrorism;1.384696;1.422732;1.391288;1.425432
Tuvalu;TUV;Regulatory Quality;-0.4060037;-1.15212;-0.686199;-0.5692701
Tuvalu;TUV;Rule of Law;1.272245;0.9992765;0.3570333;0.5298821
Tuvalu;TUV;Voice and Accountability;0.5870149;0.7213817;1.068598;1.146016
Ouganda;UGA;Control of Corruption;-0.8235874;-0.9175547;-1.051651;-1.037357
Ouganda;UGA;Government Effectiveness;-0.5569747;-0.5250553;-0.4846786;-0.6060399
Ouganda;UGA;Political Stability and Absence of Violence/Terrorism;-1.417637;-1.000558;-0.8045017;-0.6914156
Ouganda;UGA;Regulatory Quality;-0.2744117;-0.1725371;-0.2619876;-0.25123
Ouganda;UGA;Rule of Law;-0.5808566;-0.3979646;-0.3902235;-0.294705
Ouganda;UGA;Voice and Accountability;-0.597284;-0.5183923;-0.5670033;-0.6666496
Ukraine;UKR;Control of Corruption;-0.7218982;-1.027054;-0.979916;-0.8736908
Ukraine;UKR;Government Effectiveness;-0.6397141;-0.784709;-0.5235834;-0.4152199
Ukraine;UKR;Political Stability and Absence of Violence/Terrorism;-0.2860265;0.0131317;-1.9618;-1.826185
Ukraine;UKR;Regulatory Quality;-0.5354064;-0.5159054;-0.5947011;-0.2200751
Ukraine;UKR;Rule of Law;-0.7788848;-0.8076395;-0.8135505;-0.7177935
Ukraine;UKR;Voice and Accountability;-0.2853248;-0.0840042;-0.0867992;-0.0137297
Ã‰mirats arabes unis;ARE;Control of Corruption;0.998801;0.8962536;1.071927;1.151608
Ã‰mirats arabes unis;ARE;Government Effectiveness;0.7105103;0.8979611;1.509608;1.431291
Ã‰mirats arabes unis;ARE;Political Stability and Absence of Violence/Terrorism;0.875833;0.8017579;0.7595454;0.7432382
Ã‰mirats arabes unis;ARE;Regulatory Quality;0.6541783;0.3202247;1.111059;0.9316171
Ã‰mirats arabes unis;ARE;Rule of Law;0.398343;0.3230195;0.6408681;0.8064476
Ã‰mirats arabes unis;ARE;Voice and Accountability;-0.7084732;-0.9035128;-1.112425;-1.109334
Royaume-Uni;GBR;Control of Corruption;1.901079;1.604827;1.876371;1.826577
Royaume-Uni;GBR;Government Effectiveness;1.766596;1.568379;1.743745;1.341884
Royaume-Uni;GBR;Political Stability and Absence of Violence/Terrorism;0.1267411;0.4118182;0.5177479;0.0487175
Royaume-Uni;GBR;Regulatory Quality;1.614293;1.732978;1.845658;1.761863
Royaume-Uni;GBR;Rule of Law;1.569473;1.764103;1.81306;1.638637
Royaume-Uni;GBR;Voice and Accountability;1.443956;1.289994;1.297837;1.383976
Ã‰tats-Unis;USA;Control of Corruption;1.545693;1.271479;1.396935;1.323218
Ã‰tats-Unis;USA;Government Effectiveness;1.536153;1.557596;1.463522;1.576998
Ã‰tats-Unis;USA;Political Stability and Absence of Violence/Terrorism;-0.0586535;0.4384039;0.6780624;0.4774609
Ã‰tats-Unis;USA;Regulatory Quality;1.607815;1.446141;1.256155;1.577987
Ã‰tats-Unis;USA;Rule of Law;1.539517;1.638103;1.596108;1.453255
Ã‰tats-Unis;USA;Voice and Accountability;1.294524;1.133606;1.109821;1.039329
Uruguay;URY;Control of Corruption;1.074672;1.279333;1.316853;1.265534
Uruguay;URY;Government Effectiveness;0.4956834;0.6269566;0.5288608;0.5582148
Uruguay;URY;Political Stability and Absence of Violence/Terrorism;0.7786088;0.824986;1.004238;1.046509
Uruguay;URY;Regulatory Quality;0.3975147;0.394081;0.4245313;0.4992745
Uruguay;URY;Rule of Law;0.4711445;0.7385979;0.712418;0.5991074
Uruguay;URY;Voice and Accountability;0.8857377;1.146545;1.143404;1.21235
OuzbÃ©kistan;UZB;Control of Corruption;-1.226991;-1.297227;-1.261961;-1.068714
OuzbÃ©kistan;UZB;Government Effectiveness;-1.207045;-0.7137851;-0.6718292;-0.5470828
OuzbÃ©kistan;UZB;Political Stability and Absence of Violence/Terrorism;-1.959276;-0.7204381;-0.3730364;-0.283422
OuzbÃ©kistan;UZB;Regulatory Quality;-1.49414;-1.550278;-1.642438;-1.102867
OuzbÃ©kistan;UZB;Rule of Law;-1.462433;-1.415972;-1.111205;-1.073632
OuzbÃ©kistan;UZB;Voice and Accountability;-1.930239;-2.085673;-1.956139;-1.615988
Vanuatu;VUT;Control of Corruption;0.235829;0.2922294;-0.1168138;-0.1629424
Vanuatu;VUT;Government Effectiveness;-0.2873107;-0.2723125;-0.7836349;-0.4917117
Vanuatu;VUT;Political Stability and Absence of Violence/Terrorism;1.384696;1.27523;0.4784089;0.8379562
Vanuatu;VUT;Regulatory Quality;0.2457585;-0.7501566;-0.3493441;-0.4740178
Vanuatu;VUT;Rule of Law;0.5135381;0.2635792;0.1041215;0.3358953
Vanuatu;VUT;Voice and Accountability;0.1958481;0.4961333;0.5929779;0.5367252
Venezuela;VEN;Control of Corruption;-1.028939;-1.22752;-1.391322;-1.467512
Venezuela;VEN;Government Effectiveness;-0.9306281;-1.111922;-1.219922;-1.581517
Venezuela;VEN;Political Stability and Absence of Violence/Terrorism;-1.245572;-1.256237;-0.9771809;-1.343512
Venezuela;VEN;Regulatory Quality;-1.109686;-1.623488;-1.884915;-2.33437
Venezuela;VEN;Rule of Law;-1.242444;-1.654282;-2.032368;-2.338622
Venezuela;VEN;Voice and Accountability;-0.63735;-0.8705474;-1.091086;-1.414395
ViÃªt Nam;VNM;Control of Corruption;-0.7242912;-0.6235763;-0.4261965;-0.4853567
ViÃªt Nam;VNM;Government Effectiveness;-0.2346346;-0.2591378;0.0673999;-0.0034448
ViÃªt Nam;VNM;Political Stability and Absence of Violence/Terrorism;0.4819226;0.1484079;0.0699705;0.2032657
ViÃªt Nam;VNM;Regulatory Quality;-0.5962995;-0.6165413;-0.4827265;-0.3858519
ViÃªt Nam;VNM;Rule of Law;-0.3248107;-0.591396;-0.339347;-0.0032823
ViÃªt Nam;VNM;Voice and Accountability;-1.403045;-1.496983;-1.358865;-1.445501
Palestine;PSE;Control of Corruption;-0.4915588;-0.1102194;-0.4533325;-0.1954203
Palestine;PSE;Government Effectiveness;-1.055691;-0.3687704;-0.4738435;-0.7608902
Palestine;PSE;Political Stability and Absence of Violence/Terrorism;-1.409788;-1.973575;-2.160502;-1.735649
Palestine;PSE;Regulatory Quality;-1.055032;0.2146466;0.1028548;0.0524449
Palestine;PSE;Rule of Law;-0.3360529;-0.2045977;-0.5058523;-0.4837196
Palestine;PSE;Voice and Accountability;-0.6534969;-0.8235977;-0.9858358;-0.9017643
YÃ©men;YEM;Control of Corruption;-0.8853425;-1.189516;-1.474062;-1.637971
YÃ©men;YEM;Government Effectiveness;-0.9098221;-1.017816;-1.627101;-2.244354
YÃ©men;YEM;Political Stability and Absence of Violence/Terrorism;-1.436715;-2.423716;-2.680222;-3.002496
YÃ©men;YEM;Regulatory Quality;-0.8316069;-0.6190434;-1.125278;-1.536205
YÃ©men;YEM;Rule of Law;-1.259267;-1.087339;-1.271078;-1.790394
YÃ©men;YEM;Voice and Accountability;-1.049739;-1.331269;-1.523454;-1.750749
Zambie;ZMB;Control of Corruption;-0.5917786;-0.5060785;-0.3412615;-0.6561365
Zambie;ZMB;Government Effectiveness;-0.9352286;-0.8508871;-0.5556649;-0.5592093
Zambie;ZMB;Political Stability and Absence of Violence/Terrorism;0.1050498;0.5153514;0.1516949;0.1419944
Zambie;ZMB;Regulatory Quality;-0.7349188;-0.4962905;-0.4365156;-0.4426115
Zambie;ZMB;Rule of Law;-0.5200992;-0.4902453;-0.229715;-0.3449385
Zambie;ZMB;Voice and Accountability;-0.4303459;-0.2430157;-0.0665448;-0.3204631
Zimbabwe;ZWE;Control of Corruption;-1.309262;-1.368883;-1.310461;-1.235616
Zimbabwe;ZWE;Government Effectiveness;-1.331712;-1.511986;-1.157869;-1.19886
Zimbabwe;ZWE;Political Stability and Absence of Violence/Terrorism;-1.272914;-1.104014;-0.6181563;-0.7070538
Zimbabwe;ZWE;Regulatory Quality;-2.236245;-2.070647;-1.653554;-1.583895
Zimbabwe;ZWE;Rule of Law;-1.818298;-1.823194;-1.317532;-1.27363
Zimbabwe;ZWE;Voice and Accountability;-1.674941;-1.475183;-1.165904;-1.134756
